region,name,category,village_name,village_slug,lat,lng,description,phone,price_range,attributes_json,source_url,source_name,confidence,obscurity
spiti,Tenzi Homestay,homestay,Langza,langza,32.274790,78.085511,"One of the most well-known homestays in Langza village, mentioned across multiple Spiti blogs for its central location and home-cooked meals.",9459566627,₹800-1200/night,"{""meals_included"": true}",https://discoverwithdheeraj.com/spiti-valley-homestays/,Discover with Dheeraj blog,"verified (scattered around village center, not an exact geocoded spot)",mainstream
spiti,Lara's Homestay,homestay,Langza,langza,32.276011,78.085261,"Traditional mud-house homestay in Langza (one of ~30 houses in the village), known for home-cooked meals and mountain/Buddha-statue views.",094185 37689,₹3000/day,{},https://banjaraexperiences.com/stays/laras-homestay,Banjara Experiences / Tripadvisor,"verified (scattered around village center, not an exact geocoded spot)",mainstream
spiti,Sonam Homestay,homestay,Langza,langza,32.276192,78.085405,Homestay in Langza village listed with contact numbers.,094187 57464,,{},https://vargiskhan.com/log/best-homestays-in-spiti-valley/,Vargis Khan blog,"single-source (scattered around village center, not an exact geocoded spot)",mainstream
spiti,Phan Dey Home Stay,homestay,Langza,langza,32.275025,78.085050,Homestay in Langza village listed with contact number.,9418620454,,{},https://vargiskhan.com/log/best-homestays-in-spiti-valley/,Vargis Khan blog,"single-source (scattered around village center, not an exact geocoded spot)",mainstream
spiti,Cho Cho Kang Niylta Home Stay,homestay,Langza,langza,32.275117,78.086214,Homestay in Langza village listed with contact number.,8988209334,,{},https://vargiskhan.com/log/best-homestays-in-spiti-valley/,Vargis Khan blog,"single-source (scattered around village center, not an exact geocoded spot)",mainstream
spiti,Norkhyil Home Stay,homestay,Langza,langza,32.275445,78.085727,Homestay in Langza village listed with contact number.,8988485081,,{},https://vargiskhan.com/log/best-homestays-in-spiti-valley/,Vargis Khan blog,"single-source (scattered around village center, not an exact geocoded spot)",mainstream
spiti,Norling Homestay,homestay,Kibber,kibber,32.334030,78.016380,Widely cited as the oldest and most famous homestay in Kibber village.,9418556107,,{},https://vargiskhan.com/log/best-homestays-in-spiti-valley/,Vargis Khan blog,"verified (scattered around village center, not an exact geocoded spot)",mainstream
spiti,Deshek Homestay (Tashi Homestay),homestay,Kibber,kibber,32.332407,78.016945,"Basic, clean homestay in Kibber listed among the village's main accommodation options.",7650074070,,{},https://taleof2backpackers.com/kibber-gette-tashigang/,Tale of 2 Backpackers blog,"verified (scattered around village center, not an exact geocoded spot)",mainstream
spiti,Kanamo Home Stay,homestay,Kibber,kibber,32.333891,78.015949,Homestay in Kibber village named in multiple Spiti travel-blog homestay lists.,9459053363,,{},https://vargiskhan.com/log/best-homestays-in-spiti-valley/,Vargis Khan blog,"verified (scattered around village center, not an exact geocoded spot)",mainstream
spiti,Tanzin Home Stay,homestay,Kibber,kibber,32.333752,78.016765,Homestay in Kibber village named in multiple Spiti travel-blog homestay lists.,9418720036,,{},https://taleof2backpackers.com/kibber-gette-tashigang/,Tale of 2 Backpackers blog,"verified (scattered around village center, not an exact geocoded spot)",mainstream
spiti,Thinley Homestay,homestay,Kibber,kibber,32.333787,78.017466,Homestay in Kibber village listed with contact number by a Spiti homestay directory blog.,09459725525,,{},https://vargiskhan.com/log/best-homestays-in-spiti-valley/,Vargis Khan blog,"single-source (scattered around village center, not an exact geocoded spot)",mainstream
spiti,Sonam Home Stay,homestay,Kibber,kibber,32.332822,78.016256,Homestay in Kibber village listed with contact number by a Spiti homestay directory blog.,9459980911,,{},https://vargiskhan.com/log/best-homestays-in-spiti-valley/,Vargis Khan blog,"single-source (scattered around village center, not an exact geocoded spot)",mainstream
spiti,Serkong Home Stay,homestay,Kibber,kibber,32.334140,78.017107,Homestay in Kibber village listed with contact number by a Spiti homestay directory blog.,8918355693,,{},https://vargiskhan.com/log/best-homestays-in-spiti-valley/,Vargis Khan blog,"single-source (scattered around village center, not an exact geocoded spot)",mainstream
spiti,Tanpa Homestay,homestay,Komic,komic,32.232718,78.109768,"Probably the most known homestay in Komic, the highest motorable village in Asia.",9459483143,,{},https://vargiskhan.com/log/best-homestays-in-spiti-valley/,Vargis Khan blog,"verified (scattered around village center, not an exact geocoded spot)",mainstream
spiti,Gompa's House,homestay,Komic,komic,32.233029,78.110127,Homestay near Tangyud Monastery in Komic village.,9873146404,,{},https://vargiskhan.com/log/best-homestays-in-spiti-valley/,Vargis Khan blog,"single-source (scattered around village center, not an exact geocoded spot)",mainstream
spiti,Padma Homestay,homestay,Komic,komic,32.233322,78.110668,Homestay option in Komic village listed with contact number.,9459357872,,{},https://vargiskhan.com/log/best-homestays-in-spiti-valley/,Vargis Khan blog,"single-source (scattered around village center, not an exact geocoded spot)",mainstream
spiti,Phuntsok Homestay,homestay,Tabo,tabo,32.094946,78.385250,"Homestay close to Tabo Monastery, offering tea, breakfast and dinner.",9418576181,₹800-1000/person,"{""meals_included"": true}",https://discoverwithdheeraj.com/spiti-valley-homestays/,Discover with Dheeraj blog,"verified (scattered around village center, not an exact geocoded spot)",mainstream
spiti,Sheela Peak Home Stay,homestay,Tabo,tabo,32.092914,78.385637,Homestay in Tabo village listed with contact number by a Spiti homestay directory blog.,9418504229,,{},https://vargiskhan.com/log/best-homestays-in-spiti-valley/,Vargis Khan blog,"single-source (scattered around village center, not an exact geocoded spot)",mainstream
spiti,Dechen Ling Home Stay and Guest House,homestay,Tabo,tabo,32.095298,78.382119,Homestay/guest house in Tabo village listed with contact number.,9418188749,,{},https://vargiskhan.com/log/best-homestays-in-spiti-valley/,Vargis Khan blog,"single-source (scattered around village center, not an exact geocoded spot)",mainstream
spiti,Kunga Home Stay,homestay,Tabo,tabo,32.094615,78.385967,Homestay in Tabo village listed with contact number.,8988124157,,{},https://vargiskhan.com/log/best-homestays-in-spiti-valley/,Vargis Khan blog,"single-source (scattered around village center, not an exact geocoded spot)",mainstream
spiti,Nirvana Home Stay,homestay,Tabo,tabo,32.095472,78.383547,Homestay in Tabo village listed with contact number.,9459392699,,{},https://vargiskhan.com/log/best-homestays-in-spiti-valley/,Vargis Khan blog,"single-source (scattered around village center, not an exact geocoded spot)",mainstream
spiti,Tabo Home Stay,homestay,Tabo,tabo,32.095953,78.382681,Homestay in Tabo village listed with landline contact.,01906-223362,,{},https://vargiskhan.com/log/best-homestays-in-spiti-valley/,Vargis Khan blog,"single-source (scattered around village center, not an exact geocoded spot)",mainstream
spiti,Maitrey Guest Home Stay,homestay,Tabo,tabo,32.092372,78.384311,Guest homestay in Tabo village listed with contact number.,01906-223329,,{},https://vargiskhan.com/log/best-homestays-in-spiti-valley/,Vargis Khan blog,"single-source (scattered around village center, not an exact geocoded spot)",mainstream
spiti,Rabsal Homestay,homestay,Dhankar,dhankar,32.090247,78.215897,"Homestay in Dhankar village, 6 rooms, breakfast and dinner included; contact Gianchho.",9418411224,₹700/person,"{""meals_included"": true, ""host_name"": ""Gianchho""}",https://vargiskhan.com/log/best-homestays-in-spiti-valley/,Vargis Khan blog,"verified (scattered around village center, not an exact geocoded spot)",mainstream
spiti,Manirang Homestay (Family Guest House),homestay,Dhankar,dhankar,32.091000,78.214910,"Dhankar homestay run by Anil Bodh, offering breakfast and dinner or any two meals.",8988053409,₹700-1000/person,"{""meals_included"": true, ""host_name"": ""Anil Bodh""}",https://discoverwithdheeraj.com/spiti-valley-homestays/,Discover with Dheeraj blog,"single-source (scattered around village center, not an exact geocoded spot)",mainstream
spiti,Dhankar Home Stay,homestay,Dhankar,dhankar,32.090161,78.213964,"Homestay in Dhankar village, contact Anil.",9999731115,,"{""host_name"": ""Anil""}",https://vargiskhan.com/log/best-homestays-in-spiti-valley/,Vargis Khan blog,"single-source (scattered around village center, not an exact geocoded spot)",mainstream
spiti,Eay-ma-ho Home Stay,homestay,Dhankar,dhankar,32.090765,78.214447,Homestay in Dhankar village listed with contact number.,8988007090,,{},https://vargiskhan.com/log/best-homestays-in-spiti-valley/,Vargis Khan blog,"single-source (scattered around village center, not an exact geocoded spot)",mainstream
spiti,Tenzin Home Stay,homestay,Dhankar,dhankar,32.090254,78.214791,Homestay in Dhankar village listed with contact number.,9418719839,,{},https://vargiskhan.com/log/best-homestays-in-spiti-valley/,Vargis Khan blog,"single-source (scattered around village center, not an exact geocoded spot)",mainstream
spiti,Tashi Home Stay,homestay,Dhankar,dhankar,32.089658,78.214858,Homestay in Dhankar village listed with contact number.,8988481696,,{},https://vargiskhan.com/log/best-homestays-in-spiti-valley/,Vargis Khan blog,"single-source (scattered around village center, not an exact geocoded spot)",mainstream
spiti,Yangzor Home Stay,homestay,Dhankar,dhankar,32.090909,78.216041,Homestay in Dhankar village listed with contact number.,9418518317,,{},https://vargiskhan.com/log/best-homestays-in-spiti-valley/,Vargis Khan blog,"single-source (scattered around village center, not an exact geocoded spot)",mainstream
spiti,Tara Homestay and Guest House,homestay,Mudh,mudh,31.958691,78.033341,"First homestay of Pin Valley (est. 2004), run by host Sonam, offering Indian/Chinese/Tibetan/Spitian food and trekking/jeep safari arrangements.",8988062293,₹1000-1300/person,"{""host_name"": ""Sonam"", ""meals_included"": true}",https://discoverwithdheeraj.com/spiti-valley-homestays/,Discover with Dheeraj blog,"verified (scattered around village center, not an exact geocoded spot)",mainstream
spiti,Sonam Homestay (Sonam Tara),homestay,Mudh,mudh,31.958971,78.033069,"Mudh village homestay sharing the Tara family kitchen, known for valley views.",9418441453,₹900-1000/person,"{""meals_included"": true}",https://discoverwithdheeraj.com/spiti-valley-homestays/,Discover with Dheeraj blog,"single-source (scattered around village center, not an exact geocoded spot)",mainstream
spiti,Snow Valley Guest House,homestay,Mudh,mudh,31.958624,78.033113,"Guest house in Mudh village, Pin Valley, listed with contact number.",9418985242,,{},https://vargiskhan.com/log/best-homestays-in-spiti-valley/,Vargis Khan blog,"single-source (scattered around village center, not an exact geocoded spot)",mainstream
spiti,Losar Kunzum Homestay,homestay,Losar,losar,32.439949,77.751278,"Homestay on the Losar-Gramphu-Batal-Kaza road, first village stop entering Spiti from Manali via Kunzum La.",01906222252,,{},https://vargiskhan.com/log/best-homestays-in-spiti-valley/,Vargis Khan blog / Justdial listing,"verified (scattered around village center, not an exact geocoded spot)",mainstream
spiti,Amar Homestay,homestay,Nako,nako,31.866233,78.616605,"Homestay in Nako village near the Spiti-Kinnaur border, listed with contact number.",9418623453,,{},https://vargiskhan.com/log/best-homestays-in-spiti-valley/,Vargis Khan blog,"single-source (scattered around village center, not an exact geocoded spot)",mainstream
spiti,Nehru Homestay,homestay,Nako,nako,31.866450,78.616785,Homestay in Nako village listed with contact number.,09459405151,,{},https://vargiskhan.com/log/best-homestays-in-spiti-valley/,Vargis Khan blog,"single-source (scattered around village center, not an exact geocoded spot)",mainstream
spiti,Moonlake Homestay,homestay,Nako,nako,31.865914,78.616440,Homestay in Nako village listed with contact number.,9418440767,,{},https://vargiskhan.com/log/best-homestays-in-spiti-valley/,Vargis Khan blog,"single-source (scattered around village center, not an exact geocoded spot)",mainstream
spiti,Tashi's Home,homestay,Nako,nako,31.866425,78.615872,Homestay in Nako village listed with contact number.,9873146404,,{},https://vargiskhan.com/log/best-homestays-in-spiti-valley/,Vargis Khan blog,"single-source (scattered around village center, not an exact geocoded spot)",mainstream
spiti,Tara Homestay,homestay,Chicham,chicham,32.349916,78.017371,"Chicham village homestay, contact Chhering Angrup.",09418646714,,"{""host_name"": ""Chhering Angrup""}",https://vargiskhan.com/log/best-homestays-in-spiti-valley/,Vargis Khan blog,"single-source (scattered around village center, not an exact geocoded spot)",mainstream
spiti,Welcome Bodh Homestay,homestay,Chicham,chicham,32.350621,78.017454,Homestay in Chicham village listed with contact number.,08988230849,,{},https://vargiskhan.com/log/best-homestays-in-spiti-valley/,Vargis Khan blog,"single-source (scattered around village center, not an exact geocoded spot)",mainstream
spiti,Tapka Home Stay,homestay,Chicham,chicham,32.350014,78.015764,Homestay in Chicham village listed with contact number.,9418215768,,{},https://vargiskhan.com/log/best-homestays-in-spiti-valley/,Vargis Khan blog,"single-source (scattered around village center, not an exact geocoded spot)",mainstream
spiti,Karma Pema Home Stay,homestay,Chicham,chicham,32.350341,78.015626,Homestay in Chicham village listed with contact number.,9418448477,,{},https://vargiskhan.com/log/best-homestays-in-spiti-valley/,Vargis Khan blog,"single-source (scattered around village center, not an exact geocoded spot)",mainstream
spiti,Cold Desert Home Stay,homestay,Chicham,chicham,32.349646,78.017031,Homestay in Chicham village listed with contact number.,9459420240,,{},https://vargiskhan.com/log/best-homestays-in-spiti-valley/,Vargis Khan blog,"single-source (scattered around village center, not an exact geocoded spot)",mainstream
spiti,Pema Home Stay,homestay,Chicham,chicham,32.349998,78.016055,Homestay in Chicham village listed with landline contact.,01906200403,,{},https://vargiskhan.com/log/best-homestays-in-spiti-valley/,Vargis Khan blog,"single-source (scattered around village center, not an exact geocoded spot)",mainstream
spiti,Thuktan Home Stay,homestay,Chicham,chicham,32.349771,78.017241,Homestay in Chicham village listed with landline contact.,01906262313,,{},https://vargiskhan.com/log/best-homestays-in-spiti-valley/,Vargis Khan blog,"single-source (scattered around village center, not an exact geocoded spot)",mainstream
spiti,Tsedup's House,homestay,Hikkim,hikkim,32.246670,78.099577,"Homestay in Hikkim village, home of the world's highest post office.",9873146404,,{},https://vargiskhan.com/log/best-homestays-in-spiti-valley/,Vargis Khan blog,"single-source (scattered around village center, not an exact geocoded spot)",mainstream
spiti,Hikkim Himalayan Cafe & Home Stay,homestay,Hikkim,hikkim,32.247238,78.099304,Cafe with attached homestay in Hikkim village.,9459040980,,{},https://vargiskhan.com/log/best-homestays-in-spiti-valley/,Vargis Khan blog,"single-source (scattered around village center, not an exact geocoded spot)",mainstream
spiti,Miklam Homestay,homestay,Rangrik,rangrik,32.254503,78.022246,"Rangrik homestay near Kaza with Key Monastery visible from the property; tea, breakfast, lunch and dinner offered.",8988100450,₹1000-1300/person,"{""meals_included"": true}",https://discoverwithdheeraj.com/spiti-valley-homestays/,Discover with Dheeraj blog,"single-source (scattered around village center, not an exact geocoded spot)",hidden
spiti,Khabri/Khabrik Homestay,homestay,Lalung,lalung,32.150238,78.200908,"Simple, traditional-decor homestay in Lhalung/Lalung village; contact Tashi Gatuk per one source.",9418208987,₹700/person,"{""host_name"": ""Tashi Gatuk"", ""meals_included"": true}",https://discoverwithdheeraj.com/spiti-valley-homestays/,Discover with Dheeraj blog / Vargis Khan blog,"single-source (scattered around village center, not an exact geocoded spot)",hidden
spiti,Konchok Home Stay,homestay,Lalung,lalung,32.149894,78.199974,Homestay in Lhalung/Lalung village listed with contact number.,097427 97208,,{},https://vargiskhan.com/log/best-homestays-in-spiti-valley/,Vargis Khan blog,"single-source (scattered around village center, not an exact geocoded spot)",hidden
spiti,Dugpa's Home Stay,homestay,Gette,gette,32.302358,78.019955,"One of only two homestays in Gette, a hamlet of just a few houses on the Kibber-Tashigang trekking route.",9418155078,,{},https://vargiskhan.com/log/best-homestays-in-spiti-valley/,Vargis Khan blog / Tale of 2 Backpackers,"verified (scattered around village center, not an exact geocoded spot)",hidden
spiti,Tenzin Home Stay,homestay,Gette,gette,32.302006,78.020110,"One of only two homestays in Gette hamlet, on the Kibber-Tashigang trekking route.",9418966306,,{},https://vargiskhan.com/log/best-homestays-in-spiti-valley/,Vargis Khan blog / Tale of 2 Backpackers,"verified (scattered around village center, not an exact geocoded spot)",hidden
spiti,Valley View Guest House,homestay,Gulling,gulling,31.999525,78.000681,"Guest house in Gulling village, Pin Valley (16 km past Attargo bridge), described by travelers as clean and comfortable though basic.",9910036654,,{},https://vargiskhan.com/log/best-homestays-in-spiti-valley/,Vargis Khan blog,"verified (scattered around village center, not an exact geocoded spot)",hidden
ladakh,Guza Pa Homestay,homestay,Wanla,wanla,34.249239,76.829878,"Family homestay in the LEHO village homestay network in Wanla, on the Yapola river near Lamayuru.",+91-9419244413,,{},https://www.ladakhecotourism.com/wanla/,Ladakh Ecotourism (LEHO),"verified (scattered around village center, not an exact geocoded spot)",hidden
ladakh,Joldan Pa Homestay,homestay,Wanla,wanla,34.249515,76.830870,Family homestay in the LEHO village homestay network in Wanla.,+91-9419244413,,{},https://www.ladakhecotourism.com/wanla/,Ladakh Ecotourism (LEHO),"verified (scattered around village center, not an exact geocoded spot)",hidden
ladakh,Khara Pa Homestay,homestay,Wanla,wanla,34.249371,76.830609,Family homestay in the LEHO village homestay network in Wanla.,+91-9419244413,,{},https://www.ladakhecotourism.com/wanla/,Ladakh Ecotourism (LEHO),"verified (scattered around village center, not an exact geocoded spot)",hidden
ladakh,Lamyot Pa Homestay,homestay,Wanla,wanla,34.249706,76.832037,Family homestay in the LEHO village homestay network in Wanla.,+91-9419244413,,{},https://www.ladakhecotourism.com/wanla/,Ladakh Ecotourism (LEHO),"verified (scattered around village center, not an exact geocoded spot)",hidden
ladakh,Lhagang Homestay,homestay,Wanla,wanla,34.250350,76.830717,Family homestay in the LEHO village homestay network in Wanla.,+91-9419244413,,{},https://www.ladakhecotourism.com/wanla/,Ladakh Ecotourism (LEHO),"verified (scattered around village center, not an exact geocoded spot)",hidden
ladakh,Loma Pa Homestay,homestay,Wanla,wanla,34.249399,76.829977,Family homestay in the LEHO village homestay network in Wanla.,+91-9419244413,,{},https://www.ladakhecotourism.com/wanla/,Ladakh Ecotourism (LEHO),"verified (scattered around village center, not an exact geocoded spot)",hidden
ladakh,Palace View Homestay,homestay,Wanla,wanla,34.249502,76.831696,Family homestay in the LEHO village homestay network in Wanla.,+91-9419244413,,{},https://www.ladakhecotourism.com/wanla/,Ladakh Ecotourism (LEHO),"verified (scattered around village center, not an exact geocoded spot)",hidden
ladakh,Rongstak Homestay,homestay,Wanla,wanla,34.249137,76.830599,Family homestay in the LEHO village homestay network in Wanla.,+91-9419244413,,{},https://www.ladakhecotourism.com/wanla/,Ladakh Ecotourism (LEHO),"verified (scattered around village center, not an exact geocoded spot)",hidden
ladakh,Twin Brother Homestay,homestay,Wanla,wanla,34.249795,76.831873,Family homestay in the LEHO village homestay network in Wanla.,+91-9419244413,,{},https://www.ladakhecotourism.com/wanla/,Ladakh Ecotourism (LEHO),"verified (scattered around village center, not an exact geocoded spot)",hidden
ladakh,Shuktser Homestay,homestay,Wanla,wanla,34.249075,76.832058,Family homestay in the LEHO village homestay network in Wanla.,+91-9419244413,,{},https://www.ladakhecotourism.com/wanla/,Ladakh Ecotourism (LEHO),"verified (scattered around village center, not an exact geocoded spot)",hidden
ladakh,Chumik Homestay,homestay,Gya,gya,33.649896,77.733396,"Family homestay in the LEHO village homestay network in Gya, on the Leh-Manali highway near Tanglang La.",+91-9419244413,,{},https://www.ladakhecotourism.com/gya/,Ladakh Ecotourism (LEHO),"verified (scattered around village center, not an exact geocoded spot)",hidden
ladakh,Dhopa Homestay,homestay,Gya,gya,33.649474,77.733256,Family homestay in the LEHO village homestay network in Gya.,+91-9419244413,,{},https://www.ladakhecotourism.com/gya/,Ladakh Ecotourism (LEHO),"verified (scattered around village center, not an exact geocoded spot)",hidden
ladakh,Gyalpo Homestay,homestay,Gya,gya,33.650231,77.732517,Family homestay in the LEHO village homestay network in Gya.,+91-9419244413,,{},https://www.ladakhecotourism.com/gya/,Ladakh Ecotourism (LEHO),"verified (scattered around village center, not an exact geocoded spot)",hidden
ladakh,Junu Homestay,homestay,Gya,gya,33.650553,77.733977,Family homestay in the LEHO village homestay network in Gya.,+91-9419244413,,{},https://www.ladakhecotourism.com/gya/,Ladakh Ecotourism (LEHO),"verified (scattered around village center, not an exact geocoded spot)",hidden
ladakh,Lardak Homestay,homestay,Gya,gya,33.650733,77.733749,Family homestay in the LEHO village homestay network in Gya.,+91-9419244413,,{},https://www.ladakhecotourism.com/gya/,Ladakh Ecotourism (LEHO),"verified (scattered around village center, not an exact geocoded spot)",hidden
ladakh,Lozang Homestay,homestay,Gya,gya,33.650368,77.733216,Family homestay in the LEHO village homestay network in Gya.,+91-9419244413,,{},https://www.ladakhecotourism.com/gya/,Ladakh Ecotourism (LEHO),"verified (scattered around village center, not an exact geocoded spot)",hidden
ladakh,Thakskan Homestay,homestay,Gya,gya,33.649268,77.733806,Family homestay in the LEHO village homestay network in Gya.,+91-9419244413,,{},https://www.ladakhecotourism.com/gya/,Ladakh Ecotourism (LEHO),"verified (scattered around village center, not an exact geocoded spot)",hidden
ladakh,Tongyat Homestay,homestay,Gya,gya,33.650851,77.733265,Family homestay in the LEHO village homestay network in Gya.,+91-9419244413,,{},https://www.ladakhecotourism.com/gya/,Ladakh Ecotourism (LEHO),"verified (scattered around village center, not an exact geocoded spot)",hidden
ladakh,Zimskhang Homestay,homestay,Gya,gya,33.649886,77.732993,Family homestay in the LEHO village homestay network in Gya.,+91-9419244413,,{},https://www.ladakhecotourism.com/gya/,Ladakh Ecotourism (LEHO),"verified (scattered around village center, not an exact geocoded spot)",hidden
ladakh,Norkhang Homestay,homestay,Gya,gya,33.650312,77.734157,Family homestay in the LEHO village homestay network in Gya.,+91-9419244413,,{},https://www.ladakhecotourism.com/gya/,Ladakh Ecotourism (LEHO),"verified (scattered around village center, not an exact geocoded spot)",hidden
ladakh,Dawa Pa Homestay,homestay,Shara,shara,33.783380,77.889047,"Family homestay in the LEHO village homestay network in Shara, a small village off the Kharu-Chemrey route north of Leh.",+91-9419244413,,{},https://www.ladakhecotourism.com/shara/,Ladakh Ecotourism (LEHO),"verified (scattered around village center, not an exact geocoded spot)",hidden
ladakh,Labrang Homestay,homestay,Shara,shara,33.783970,77.891211,Family homestay in the LEHO village homestay network in Shara.,+91-9419244413,,{},https://www.ladakhecotourism.com/shara/,Ladakh Ecotourism (LEHO),"verified (scattered around village center, not an exact geocoded spot)",hidden
ladakh,Langlay Homestay,homestay,Shara,shara,33.784424,77.890919,Family homestay in the LEHO village homestay network in Shara.,+91-9419244413,,{},https://www.ladakhecotourism.com/shara/,Ladakh Ecotourism (LEHO),"verified (scattered around village center, not an exact geocoded spot)",hidden
ladakh,Puluk Homestay,homestay,Shara,shara,33.782896,77.890865,Family homestay in the LEHO village homestay network in Shara.,+91-9419244413,,{},https://www.ladakhecotourism.com/shara/,Ladakh Ecotourism (LEHO),"verified (scattered around village center, not an exact geocoded spot)",hidden
ladakh,P. Zangmo Homestay,homestay,Shara,shara,33.782924,77.890303,Family homestay in the LEHO village homestay network in Shara.,+91-9419244413,,{},https://www.ladakhecotourism.com/shara/,Ladakh Ecotourism (LEHO),"verified (scattered around village center, not an exact geocoded spot)",hidden
ladakh,Skarma Homestay,homestay,Shara,shara,33.784107,77.890207,Family homestay in the LEHO village homestay network in Shara.,+91-9419244413,,{},https://www.ladakhecotourism.com/shara/,Ladakh Ecotourism (LEHO),"verified (scattered around village center, not an exact geocoded spot)",hidden
ladakh,Lotus Homestay,homestay,Shara,shara,33.783238,77.889546,Family homestay in the LEHO village homestay network in Shara.,+91-9419244413,,{},https://www.ladakhecotourism.com/shara/,Ladakh Ecotourism (LEHO),"verified (scattered around village center, not an exact geocoded spot)",hidden
ladakh,Tongspon Homestay,homestay,Shara,shara,33.784068,77.891052,Family homestay in the LEHO village homestay network in Shara.,+91-9419244413,,{},https://www.ladakhecotourism.com/shara/,Ladakh Ecotourism (LEHO),"verified (scattered around village center, not an exact geocoded spot)",hidden
ladakh,Tashi Dorjey Homestay,homestay,Shara,shara,33.783544,77.889780,Family homestay in the LEHO village homestay network in Shara.,+91-9419244413,,{},https://www.ladakhecotourism.com/shara/,Ladakh Ecotourism (LEHO),"verified (scattered around village center, not an exact geocoded spot)",hidden
ladakh,Dampo Wangtak Homestay,homestay,Shara,shara,33.783775,77.890023,Family homestay in the LEHO village homestay network in Shara.,+91-9419244413,,{},https://www.ladakhecotourism.com/shara/,Ladakh Ecotourism (LEHO),"verified (scattered around village center, not an exact geocoded spot)",hidden
ladakh,Dampo Youron Homestay,homestay,Shara,shara,33.783645,77.888960,Family homestay in the LEHO village homestay network in Shara.,+91-9419244413,,{},https://www.ladakhecotourism.com/shara/,Ladakh Ecotourism (LEHO),"verified (scattered around village center, not an exact geocoded spot)",hidden
ladakh,Kalgya Homestay,homestay,Shara,shara,33.783306,77.890366,Family homestay in the LEHO village homestay network in Shara.,+91-9419244413,,{},https://www.ladakhecotourism.com/shara/,Ladakh Ecotourism (LEHO),"verified (scattered around village center, not an exact geocoded spot)",hidden
ladakh,Gingsar Homestay,homestay,Shara,shara,33.784638,77.890338,Family homestay in the LEHO village homestay network in Shara.,+91-9419244413,,{},https://www.ladakhecotourism.com/shara/,Ladakh Ecotourism (LEHO),"verified (scattered around village center, not an exact geocoded spot)",hidden
ladakh,Nierpa Homestay,homestay,Shara,shara,33.782714,77.889859,Family homestay in the LEHO village homestay network in Shara.,+91-9419244413,,{},https://www.ladakhecotourism.com/shara/,Ladakh Ecotourism (LEHO),"verified (scattered around village center, not an exact geocoded spot)",hidden
ladakh,Tongspon Gyaltsan Homestay,homestay,Takmachik,takmachik,34.382824,76.761320,"Family homestay in the LEHO village homestay network in Takmachik, Ladakh's first eco-model tourism village (launched by LEHO in 2011); coordinates approximated to nearby Khalsi tehsil headquarters.",+91-9419244413,,{},https://www.ladakhecotourism.com/takmachik/,Ladakh Ecotourism (LEHO),"verified (scattered around village center, not an exact geocoded spot)",hidden
ladakh,Nyerpa Sonam Homestay,homestay,Takmachik,takmachik,34.382733,76.762654,Family homestay in the LEHO village homestay network in Takmachik; coordinates approximated to nearby Khalsi.,+91-9419244413,,{},https://www.ladakhecotourism.com/takmachik/nyerpa-sonam-homestay/,Ladakh Ecotourism (LEHO),"verified (scattered around village center, not an exact geocoded spot)",hidden
ladakh,Shagut Gyaltsan Homestay,homestay,Takmachik,takmachik,34.381904,76.762026,Family homestay in the LEHO village homestay network in Takmachik; coordinates approximated to nearby Khalsi.,+91-9419244413,,{},https://www.ladakhecotourism.com/takmachik/,Ladakh Ecotourism (LEHO),"verified (scattered around village center, not an exact geocoded spot)",hidden
ladakh,Kapto Paldan Homestay,homestay,Takmachik,takmachik,34.382905,76.762551,Family homestay in the LEHO village homestay network in Takmachik; coordinates approximated to nearby Khalsi.,+91-9419244413,,{},https://www.ladakhecotourism.com/takmachik/,Ladakh Ecotourism (LEHO),"verified (scattered around village center, not an exact geocoded spot)",hidden
ladakh,Sdeba Tsetan Homestay,homestay,Takmachik,takmachik,34.381897,76.761073,Family homestay in the LEHO village homestay network in Takmachik; coordinates approximated to nearby Khalsi.,+91-9419244413,,{},https://www.ladakhecotourism.com/takmachik/,Ladakh Ecotourism (LEHO),"verified (scattered around village center, not an exact geocoded spot)",hidden
ladakh,Tik Tik Tashi Homestay,homestay,Takmachik,takmachik,34.382691,76.762962,Family homestay in the LEHO village homestay network in Takmachik; coordinates approximated to nearby Khalsi.,+91-9419244413,,{},https://www.ladakhecotourism.com/takmachik/,Ladakh Ecotourism (LEHO),"verified (scattered around village center, not an exact geocoded spot)",hidden
ladakh,Tik Tik Nawang Homestay,homestay,Takmachik,takmachik,34.381142,76.762926,Family homestay in the LEHO village homestay network in Takmachik; coordinates approximated to nearby Khalsi.,+91-9419244413,,{},https://www.ladakhecotourism.com/takmachik/,Ladakh Ecotourism (LEHO),"verified (scattered around village center, not an exact geocoded spot)",hidden
ladakh,Togo Homestay,homestay,Takmachik,takmachik,34.381226,76.762416,Family homestay in the LEHO village homestay network in Takmachik; coordinates approximated to nearby Khalsi.,+91-9419244413,,{},https://www.ladakhecotourism.com/takmachik/,Ladakh Ecotourism (LEHO),"verified (scattered around village center, not an exact geocoded spot)",hidden
ladakh,New Era Homestay,homestay,Takmachik,takmachik,34.381715,76.761361,Family homestay in the LEHO village homestay network in Takmachik; coordinates approximated to nearby Khalsi.,+91-9419244413,,{},https://www.ladakhecotourism.com/takmachik/,Ladakh Ecotourism (LEHO),"verified (scattered around village center, not an exact geocoded spot)",hidden
ladakh,Shagud Khangba Homestay,homestay,Takmachik,takmachik,34.381118,76.761731,Family homestay in the LEHO village homestay network in Takmachik; coordinates approximated to nearby Khalsi.,+91-9419244413,,{},https://www.ladakhecotourism.com/takmachik/,Ladakh Ecotourism (LEHO),"verified (scattered around village center, not an exact geocoded spot)",hidden
ladakh,Sakray Tashi Homestay,homestay,Takmachik,takmachik,34.381557,76.762542,Family homestay in the LEHO village homestay network in Takmachik; coordinates approximated to nearby Khalsi.,+91-9419244413,,{},https://www.ladakhecotourism.com/takmachik/,Ladakh Ecotourism (LEHO),"verified (scattered around village center, not an exact geocoded spot)",hidden
ladakh,Togo Khangbu Homestay,homestay,Takmachik,takmachik,34.382672,76.761393,Family homestay in the LEHO village homestay network in Takmachik; coordinates approximated to nearby Khalsi.,+91-9419244413,,{},https://www.ladakhecotourism.com/takmachik/,Ladakh Ecotourism (LEHO),"verified (scattered around village center, not an exact geocoded spot)",hidden
ladakh,Abdal Pa Homestay,homestay,Achinathang,achinathang,34.504072,76.632382,"Family homestay in the LEHO village homestay network in Achinathang, a fruit-growing Aryan Valley approach village; coordinates approximated to nearby Skurbuchan.",+91-9419244413,,{},https://www.ladakhecotourism.com/achinathang/,Ladakh Ecotourism (LEHO),"verified (scattered around village center, not an exact geocoded spot)",hidden
ladakh,Achina Traveller Homestay,homestay,Achinathang,achinathang,34.504309,76.633208,Family homestay in the LEHO village homestay network in Achinathang; coordinates approximated to nearby Skurbuchan.,+91-9419244413,,{},https://www.ladakhecotourism.com/achinathang/,Ladakh Ecotourism (LEHO),"verified (scattered around village center, not an exact geocoded spot)",hidden
ladakh,Chumik Villa Homestay,homestay,Achinathang,achinathang,34.504774,76.632728,Family homestay in the LEHO village homestay network in Achinathang; coordinates approximated to nearby Skurbuchan.,+91-9419244413,,{},https://www.ladakhecotourism.com/achinathang/,Ladakh Ecotourism (LEHO),"verified (scattered around village center, not an exact geocoded spot)",hidden
ladakh,Indus View Homestay,homestay,Achinathang,achinathang,34.504140,76.631658,Family homestay in the LEHO village homestay network in Achinathang; coordinates approximated to nearby Skurbuchan.,+91-9419244413,,{},https://www.ladakhecotourism.com/achinathang/,Ladakh Ecotourism (LEHO),"verified (scattered around village center, not an exact geocoded spot)",hidden
ladakh,Khaldaks Homestay,homestay,Achinathang,achinathang,34.504003,76.631836,Family homestay in the LEHO village homestay network in Achinathang; coordinates approximated to nearby Skurbuchan.,+91-9419244413,,{},https://www.ladakhecotourism.com/achinathang/,Ladakh Ecotourism (LEHO),"verified (scattered around village center, not an exact geocoded spot)",hidden
ladakh,Kunsal Homestay,homestay,Achinathang,achinathang,34.504298,76.631857,Family homestay in the LEHO village homestay network in Achinathang; coordinates approximated to nearby Skurbuchan.,+91-9419244413,,{},https://www.ladakhecotourism.com/achinathang/,Ladakh Ecotourism (LEHO),"verified (scattered around village center, not an exact geocoded spot)",hidden
ladakh,Lamo Organic Homestay,homestay,Achinathang,achinathang,34.504423,76.631358,Family homestay in the LEHO village homestay network in Achinathang; coordinates approximated to nearby Skurbuchan.,+91-9419244413,,{},https://www.ladakhecotourism.com/achinathang/,Ladakh Ecotourism (LEHO),"verified (scattered around village center, not an exact geocoded spot)",hidden
ladakh,Ltaket Pa Homestay,homestay,Achinathang,achinathang,34.504583,76.632747,Family homestay in the LEHO village homestay network in Achinathang; coordinates approximated to nearby Skurbuchan.,+91-9419244413,,{},https://www.ladakhecotourism.com/achinathang/,Ladakh Ecotourism (LEHO),"verified (scattered around village center, not an exact geocoded spot)",hidden
ladakh,Sukey Homestay,homestay,Achinathang,achinathang,34.505292,76.631080,Family homestay in the LEHO village homestay network in Achinathang; coordinates approximated to nearby Skurbuchan.,+91-9419244413,,{},https://www.ladakhecotourism.com/achinathang/,Ladakh Ecotourism (LEHO),"verified (scattered around village center, not an exact geocoded spot)",hidden
ladakh,Zangpo Achinapa Homestay,homestay,Achinathang,achinathang,34.504836,76.632221,Family homestay in the LEHO village homestay network in Achinathang; coordinates approximated to nearby Skurbuchan.,+91-9419244413,,{},https://www.ladakhecotourism.com/achinathang/,Ladakh Ecotourism (LEHO),"verified (scattered around village center, not an exact geocoded spot)",hidden
ladakh,Dhayangs Homestay,homestay,Skampuk,skampuk,34.624496,77.435132,"Family homestay in the LEHO village homestay network in Skampuk, a small Nubra hamlet near Turtuk/Bogdang; coordinates approximated to nearby Turtuk.",+91-9419244413,,{},https://www.ladakhecotourism.com/skampuk/,Ladakh Ecotourism (LEHO),"verified (scattered around village center, not an exact geocoded spot)",hidden
ladakh,Jigmat Homestay,homestay,Skampuk,skampuk,34.624028,77.435410,Family homestay in the LEHO village homestay network in Skampuk; coordinates approximated to nearby Turtuk.,+91-9419244413,,{},https://www.ladakhecotourism.com/skampuk/,Ladakh Ecotourism (LEHO),"verified (scattered around village center, not an exact geocoded spot)",hidden
ladakh,Nurboo Homestay,homestay,Skampuk,skampuk,34.622938,77.434844,Family homestay in the LEHO village homestay network in Skampuk; coordinates approximated to nearby Turtuk.,+91-9419244413,,{},https://www.ladakhecotourism.com/skampuk/,Ladakh Ecotourism (LEHO),"verified (scattered around village center, not an exact geocoded spot)",hidden
ladakh,Padmachan Homestay,homestay,Skampuk,skampuk,34.623985,77.434508,Family homestay in the LEHO village homestay network in Skampuk; coordinates approximated to nearby Turtuk.,+91-9419244413,,{},https://www.ladakhecotourism.com/skampuk/,Ladakh Ecotourism (LEHO),"verified (scattered around village center, not an exact geocoded spot)",hidden
ladakh,Shacho Homestay,homestay,Skampuk,skampuk,34.623545,77.435220,Family homestay in the LEHO village homestay network in Skampuk; coordinates approximated to nearby Turtuk.,+91-9419244413,,{},https://www.ladakhecotourism.com/skampuk/,Ladakh Ecotourism (LEHO),"verified (scattered around village center, not an exact geocoded spot)",hidden
ladakh,Solpon Homestay,homestay,Skampuk,skampuk,34.623949,77.435048,Family homestay in the LEHO village homestay network in Skampuk; coordinates approximated to nearby Turtuk.,+91-9419244413,,{},https://www.ladakhecotourism.com/skampuk/,Ladakh Ecotourism (LEHO),"verified (scattered around village center, not an exact geocoded spot)",hidden
ladakh,Two Roses Homestay,homestay,Skampuk,skampuk,34.624310,77.435406,Family homestay in the LEHO village homestay network in Skampuk; coordinates approximated to nearby Turtuk.,+91-9419244413,,{},https://www.ladakhecotourism.com/skampuk/,Ladakh Ecotourism (LEHO),"verified (scattered around village center, not an exact geocoded spot)",hidden
ladakh,Valley View Homestay,homestay,Skampuk,skampuk,34.623642,77.433830,Family homestay in the LEHO village homestay network in Skampuk; coordinates approximated to nearby Turtuk.,+91-9419244413,,{},https://www.ladakhecotourism.com/skampuk/,Ladakh Ecotourism (LEHO),"verified (scattered around village center, not an exact geocoded spot)",hidden
ladakh,Waterfall Homestay,homestay,Skampuk,skampuk,34.623514,77.435472,Family homestay in the LEHO village homestay network in Skampuk; coordinates approximated to nearby Turtuk.,+91-9419244413,,{},https://www.ladakhecotourism.com/skampuk/,Ladakh Ecotourism (LEHO),"verified (scattered around village center, not an exact geocoded spot)",hidden
ladakh,Lato Homestay,homestay,Skampuk,skampuk,34.623007,77.434657,Family homestay in the LEHO village homestay network in Skampuk; coordinates approximated to nearby Turtuk.,+91-9419244413,,{},https://www.ladakhecotourism.com/skampuk/,Ladakh Ecotourism (LEHO),"verified (scattered around village center, not an exact geocoded spot)",hidden
ladakh,Cherpon Homestay,homestay,Tia,tia,34.345579,76.969358,"Family homestay in the LEHO village homestay network in Tia, a small village in Khalsi tehsil; coordinates approximated to nearby Khalsi.",+91-9419244413,,{},https://www.ladakhecotourism.com/tia/,Ladakh Ecotourism (LEHO),"verified (scattered around village center, not an exact geocoded spot)",hidden
ladakh,Dream Homestay,homestay,Tia,tia,34.344982,76.969418,Family homestay in the LEHO village homestay network in Tia; coordinates approximated to nearby Khalsi.,+91-9419244413,,{},https://www.ladakhecotourism.com/tia/,Ladakh Ecotourism (LEHO),"verified (scattered around village center, not an exact geocoded spot)",hidden
ladakh,Lhungspa Amchi Homestay,homestay,Tia,tia,34.345835,76.970742,Family homestay in the LEHO village homestay network in Tia; coordinates approximated to nearby Khalsi.,+91-9419244413,,{},https://www.ladakhecotourism.com/tia/,Ladakh Ecotourism (LEHO),"verified (scattered around village center, not an exact geocoded spot)",hidden
ladakh,Nature Joyful Homestay,homestay,Tia,tia,34.345528,76.968921,Family homestay in the LEHO village homestay network in Tia; coordinates approximated to nearby Khalsi.,+91-9419244413,,{},https://www.ladakhecotourism.com/tia/,Ladakh Ecotourism (LEHO),"verified (scattered around village center, not an exact geocoded spot)",hidden
ladakh,Norboo Chuwarpa Homestay,homestay,Tia,tia,34.344501,76.970554,Family homestay in the LEHO village homestay network in Tia; coordinates approximated to nearby Khalsi.,+91-9419244413,,{},https://www.ladakhecotourism.com/tia/,Ladakh Ecotourism (LEHO),"verified (scattered around village center, not an exact geocoded spot)",hidden
ladakh,Onpo Homestay,homestay,Tia,tia,34.345527,76.969713,Family homestay in the LEHO village homestay network in Tia; coordinates approximated to nearby Khalsi.,+91-9419244413,,{},https://www.ladakhecotourism.com/tia/,Ladakh Ecotourism (LEHO),"verified (scattered around village center, not an exact geocoded spot)",hidden
ladakh,Peaks of Excellence Ladakh Homestay,homestay,Tia,tia,34.345862,76.969606,Family homestay in the LEHO village homestay network in Tia; coordinates approximated to nearby Khalsi.,+91-9419244413,,{},https://www.ladakhecotourism.com/tia/,Ladakh Ecotourism (LEHO),"verified (scattered around village center, not an exact geocoded spot)",hidden
ladakh,Sara Pa Homestay,homestay,Tia,tia,34.344578,76.969662,Family homestay in the LEHO village homestay network in Tia; coordinates approximated to nearby Khalsi.,+91-9419244413,,{},https://www.ladakhecotourism.com/tia/,Ladakh Ecotourism (LEHO),"verified (scattered around village center, not an exact geocoded spot)",hidden
ladakh,Shalipa Homestay,homestay,Tia,tia,34.345081,76.970394,Family homestay in the LEHO village homestay network in Tia; coordinates approximated to nearby Khalsi.,+91-9419244413,,{},https://www.ladakhecotourism.com/tia/,Ladakh Ecotourism (LEHO),"verified (scattered around village center, not an exact geocoded spot)",hidden
ladakh,Surupaley Homestay,homestay,Tia,tia,34.344939,76.970756,Family homestay in the LEHO village homestay network in Tia; coordinates approximated to nearby Khalsi.,+91-9419244413,,{},https://www.ladakhecotourism.com/tia/,Ladakh Ecotourism (LEHO),"verified (scattered around village center, not an exact geocoded spot)",hidden
ladakh,Balti Homestay,homestay,Chiktan,chiktan,34.469976,76.510851,"Family homestay in the LEHO village homestay network in Chiktan, a Balti-culture village in Kargil district.",+91-9419244413,,{},https://www.ladakhecotourism.com/chiktan/,Ladakh Ecotourism (LEHO),"verified (scattered around village center, not an exact geocoded spot)",hidden
ladakh,Cho Pa Homestay,homestay,Chiktan,chiktan,34.470362,76.511260,Family homestay in the LEHO village homestay network in Chiktan.,+91-9419244413,,{},https://www.ladakhecotourism.com/chiktan/cho-pa-homestay/,Ladakh Ecotourism (LEHO),"verified (scattered around village center, not an exact geocoded spot)",hidden
ladakh,Chupa Homestay Khardoon,homestay,Chiktan,chiktan,34.471117,76.510465,Family homestay in the LEHO village homestay network in Chiktan (Khardoon hamlet).,+91-9419244413,,{},https://www.ladakhecotourism.com/chiktan/,Ladakh Ecotourism (LEHO),"verified (scattered around village center, not an exact geocoded spot)",hidden
ladakh,Chupa Homestay,homestay,Chiktan,chiktan,34.469395,76.509543,Family homestay in the LEHO village homestay network in Chiktan.,+91-9419244413,,{},https://www.ladakhecotourism.com/chiktan/,Ladakh Ecotourism (LEHO),"verified (scattered around village center, not an exact geocoded spot)",hidden
ladakh,D.K.S (Dakshos) Homestay,homestay,Chiktan,chiktan,34.470891,76.510289,Family homestay in the LEHO village homestay network in Chiktan.,+91-9419244413,,{},https://www.ladakhecotourism.com/chiktan/,Ladakh Ecotourism (LEHO),"verified (scattered around village center, not an exact geocoded spot)",hidden
ladakh,Faqir Pa Homestay,homestay,Chiktan,chiktan,34.469881,76.509258,Family homestay in the LEHO village homestay network in Chiktan.,+91-9419244413,,{},https://www.ladakhecotourism.com/chiktan/,Ladakh Ecotourism (LEHO),"verified (scattered around village center, not an exact geocoded spot)",hidden
ladakh,Ibex Homestay Khardoon,homestay,Chiktan,chiktan,34.470221,76.509787,Family homestay in the LEHO village homestay network in Chiktan (Khardoon hamlet).,+91-9419244413,,{},https://www.ladakhecotourism.com/chiktan/,Ladakh Ecotourism (LEHO),"verified (scattered around village center, not an exact geocoded spot)",hidden
ladakh,Razikhar Homestay,homestay,Chiktan,chiktan,34.469849,76.509608,"Family homestay in the LEHO village homestay network in Chiktan, near the historic Chiktan Fort.",+91-9419244413,,{},https://www.ladakhecotourism.com/chiktan/,Ladakh Ecotourism (LEHO),"verified (scattered around village center, not an exact geocoded spot)",hidden
ladakh,Scouts Homestay,homestay,Chiktan,chiktan,34.470466,76.510535,Family homestay in the LEHO village homestay network in Chiktan.,+91-9419244413,,{},https://www.ladakhecotourism.com/chiktan/,Ladakh Ecotourism (LEHO),"verified (scattered around village center, not an exact geocoded spot)",hidden
ladakh,Bavo Pa Homestay,homestay,Tangtse,tangtse,34.029892,78.167435,"Family homestay in the LEHO village homestay network in Tangtse, Changthang district.",+91-9419244413,,{},https://www.ladakhecotourism.com/tangtse/,Ladakh Ecotourism (LEHO),"verified (scattered around village center, not an exact geocoded spot)",hidden
ladakh,Dawa Homestay,homestay,Tangtse,tangtse,34.029647,78.166680,Family homestay in the LEHO village homestay network in Tangtse.,+91-9419244413,,{},https://www.ladakhecotourism.com/tangtse/,Ladakh Ecotourism (LEHO),"verified (scattered around village center, not an exact geocoded spot)",hidden
ladakh,Deldanling Homestay,homestay,Tangtse,tangtse,34.030764,78.168355,Family homestay in the LEHO village homestay network in Tangtse.,+91-9419244413,,{},https://www.ladakhecotourism.com/tangtse/,Ladakh Ecotourism (LEHO),"verified (scattered around village center, not an exact geocoded spot)",hidden
ladakh,DK Homestay,homestay,Tangtse,tangtse,34.029874,78.167631,Family homestay in the LEHO village homestay network in Tangtse.,+91-9419244413,,{},https://www.ladakhecotourism.com/tangtse/,Ladakh Ecotourism (LEHO),"verified (scattered around village center, not an exact geocoded spot)",hidden
ladakh,Farka Homestay,homestay,Tangtse,tangtse,34.031036,78.167005,Family homestay in the LEHO village homestay network in Tangtse.,+91-9419244413,,{},https://www.ladakhecotourism.com/tangtse/,Ladakh Ecotourism (LEHO),"verified (scattered around village center, not an exact geocoded spot)",hidden
ladakh,Khengsar Homestay,homestay,Tangtse,tangtse,34.030166,78.168826,Family homestay in the LEHO village homestay network in Tangtse.,+91-9419244413,,{},https://www.ladakhecotourism.com/tangtse/,Ladakh Ecotourism (LEHO),"verified (scattered around village center, not an exact geocoded spot)",hidden
ladakh,Thangpa Homestay,homestay,Tangtse,tangtse,34.029574,78.167891,Family homestay in the LEHO village homestay network in Tangtse.,+91-9419244413,,{},https://www.ladakhecotourism.com/tangtse/,Ladakh Ecotourism (LEHO),"verified (scattered around village center, not an exact geocoded spot)",hidden
ladakh,T.Khelwa Homestay,homestay,Tangtse,tangtse,34.029709,78.167192,Family homestay in the LEHO village homestay network in Tangtse.,+91-9419244413,,{},https://www.ladakhecotourism.com/tangtse/,Ladakh Ecotourism (LEHO),"verified (scattered around village center, not an exact geocoded spot)",hidden
ladakh,Aba Pa Homestay,homestay,Chulungkha,chulungkha,34.823058,76.935537,"Family homestay in the LEHO village homestay network in Chulungkha (Chalunka), a Chorbat-area hamlet on the Shyok river; coordinates approximated to nearby Turtuk.",+91-9419244413,,{},https://www.ladakhecotourism.com/chulungkha/,Ladakh Ecotourism (LEHO),"verified (scattered around village center, not an exact geocoded spot)",hidden
ladakh,Apricot Homestay,homestay,Chulungkha,chulungkha,34.823832,76.935430,Family homestay in the LEHO village homestay network in Chulungkha; coordinates approximated to nearby Turtuk.,+91-9419244413,,{},https://www.ladakhecotourism.com/chulungkha/,Ladakh Ecotourism (LEHO),"verified (scattered around village center, not an exact geocoded spot)",hidden
ladakh,Hillside Homestay,homestay,Chulungkha,chulungkha,34.823148,76.936100,Family homestay in the LEHO village homestay network in Chulungkha; coordinates approximated to nearby Turtuk.,+91-9419244413,,{},https://www.ladakhecotourism.com/chulungkha/,Ladakh Ecotourism (LEHO),"verified (scattered around village center, not an exact geocoded spot)",hidden
ladakh,Himalayan Homestay,homestay,Chulungkha,chulungkha,34.822909,76.935106,Family homestay in the LEHO village homestay network in Chulungkha; coordinates approximated to nearby Turtuk.,+91-9419244413,,{},https://www.ladakhecotourism.com/chulungkha/,Ladakh Ecotourism (LEHO),"verified (scattered around village center, not an exact geocoded spot)",hidden
ladakh,Maira's Homestay,homestay,Chulungkha,chulungkha,34.822853,76.934831,Family homestay in the LEHO village homestay network in Chulungkha; coordinates approximated to nearby Turtuk.,+91-9419244413,,{},https://www.ladakhecotourism.com/chulungkha/,Ladakh Ecotourism (LEHO),"verified (scattered around village center, not an exact geocoded spot)",hidden
ladakh,Malik's Homestay,homestay,Chulungkha,chulungkha,34.823883,76.934763,Family homestay in the LEHO village homestay network in Chulungkha; coordinates approximated to nearby Turtuk.,+91-9419244413,,{},https://www.ladakhecotourism.com/chulungkha/,Ladakh Ecotourism (LEHO),"verified (scattered around village center, not an exact geocoded spot)",hidden
ladakh,Mansha Homestay,homestay,Chulungkha,chulungkha,34.824008,76.935908,Family homestay in the LEHO village homestay network in Chulungkha; coordinates approximated to nearby Turtuk.,+91-9419244413,,{},https://www.ladakhecotourism.com/chulungkha/,Ladakh Ecotourism (LEHO),"verified (scattered around village center, not an exact geocoded spot)",hidden
ladakh,Qurbati Heritage Homestay,homestay,Chulungkha,chulungkha,34.823556,76.934346,Family homestay in the LEHO village homestay network in Chulungkha; coordinates approximated to nearby Turtuk.,+91-9419244413,,{},https://www.ladakhecotourism.com/chulungkha/,Ladakh Ecotourism (LEHO),"verified (scattered around village center, not an exact geocoded spot)",hidden
ladakh,Qurbati Homestay,homestay,Chulungkha,chulungkha,34.822240,76.934725,Family homestay in the LEHO village homestay network in Chulungkha; coordinates approximated to nearby Turtuk.,+91-9419244413,,{},https://www.ladakhecotourism.com/chulungkha/,Ladakh Ecotourism (LEHO),"verified (scattered around village center, not an exact geocoded spot)",hidden
ladakh,Shayok View Homestay,homestay,Chulungkha,chulungkha,34.824074,76.934881,"Family homestay in the LEHO village homestay network in Chulungkha, overlooking the Shyok river; coordinates approximated to nearby Turtuk.",+91-9419244413,,{},https://www.ladakhecotourism.com/chulungkha/,Ladakh Ecotourism (LEHO),"verified (scattered around village center, not an exact geocoded spot)",hidden
ladakh,Heavenly Inn Homestay,homestay,Bhimbat,bhimbat,34.433258,75.818137,"Family homestay in the LEHO village homestay network in Bhimbat, a Drass-area hamlet; coordinates approximated to Drass.",+91-9419244413,,{},http://ladakhecotourism.com/bhimbat,Ladakh Ecotourism (LEHO),"verified (scattered around village center, not an exact geocoded spot)",hidden
ladakh,Home Feel Homestay,homestay,Bhimbat,bhimbat,34.433353,75.817656,Family homestay in the LEHO village homestay network in Bhimbat; coordinates approximated to Drass.,+91-9419244413,,{},http://ladakhecotourism.com/bhimbat,Ladakh Ecotourism (LEHO),"verified (scattered around village center, not an exact geocoded spot)",hidden
ladakh,K2 Homestay,homestay,Bhimbat,bhimbat,34.433134,75.817035,Family homestay in the LEHO village homestay network in Bhimbat; coordinates approximated to Drass.,+91-9419244413,,{},http://ladakhecotourism.com/bhimbat,Ladakh Ecotourism (LEHO),"verified (scattered around village center, not an exact geocoded spot)",hidden
ladakh,Meadows View Homestay,homestay,Bhimbat,bhimbat,34.434056,75.817334,Family homestay in the LEHO village homestay network in Bhimbat; coordinates approximated to Drass.,+91-9419244413,,{},http://ladakhecotourism.com/bhimbat,Ladakh Ecotourism (LEHO),"verified (scattered around village center, not an exact geocoded spot)",hidden
ladakh,Mount View Homestay,homestay,Bhimbat,bhimbat,34.432728,75.817909,Family homestay in the LEHO village homestay network in Bhimbat; coordinates approximated to Drass.,+91-9419244413,,{},http://ladakhecotourism.com/bhimbat,Ladakh Ecotourism (LEHO),"verified (scattered around village center, not an exact geocoded spot)",hidden
ladakh,One999 Homestay,homestay,Bhimbat,bhimbat,34.432721,75.817283,Family homestay in the LEHO village homestay network in Bhimbat; coordinates approximated to Drass.,+91-9419244413,,{},http://ladakhecotourism.com/bhimbat,Ladakh Ecotourism (LEHO),"verified (scattered around village center, not an exact geocoded spot)",hidden
ladakh,Paradise Homestay,homestay,Bhimbat,bhimbat,34.433394,75.818410,Family homestay in the LEHO village homestay network in Bhimbat; coordinates approximated to Drass.,+91-9419244413,,{},http://ladakhecotourism.com/bhimbat,Ladakh Ecotourism (LEHO),"verified (scattered around village center, not an exact geocoded spot)",hidden
ladakh,Snow Valley Homestay,homestay,Bhimbat,bhimbat,34.433531,75.817066,Family homestay in the LEHO village homestay network in Bhimbat; coordinates approximated to Drass.,+91-9419244413,,{},http://ladakhecotourism.com/bhimbat,Ladakh Ecotourism (LEHO),"verified (scattered around village center, not an exact geocoded spot)",hidden
ladakh,Taimur Homestay,homestay,Bhimbat,bhimbat,34.433746,75.817177,Family homestay in the LEHO village homestay network in Bhimbat; coordinates approximated to Drass.,+91-9419244413,,{},http://ladakhecotourism.com/bhimbat,Ladakh Ecotourism (LEHO),"verified (scattered around village center, not an exact geocoded spot)",hidden
ladakh,Munshi Homestay,homestay,Bhimbat,bhimbat,34.432401,75.817853,Family homestay in the LEHO village homestay network in Bhimbat; coordinates approximated to Drass.,+91-9419244413,,{},http://ladakhecotourism.com/bhimbat,Ladakh Ecotourism (LEHO),"verified (scattered around village center, not an exact geocoded spot)",hidden
ladakh,Ibex Homestay,homestay,Bhimbat,bhimbat,34.433315,75.817330,Family homestay in the LEHO village homestay network in Bhimbat; coordinates approximated to Drass.,+91-9419244413,,{},http://ladakhecotourism.com/bhimbat,Ladakh Ecotourism (LEHO),"verified (scattered around village center, not an exact geocoded spot)",hidden
ladakh,Border View Homestay,homestay,Mushkoo,mushkoo,34.427036,75.751757,"Family homestay in the LEHO village homestay network in Mushkoo valley, Drass; coordinates approximated to Drass.",+91-9419244413,,{},http://ladakhecotourism.com/mushkoo,Ladakh Ecotourism (LEHO),"verified (scattered around village center, not an exact geocoded spot)",hidden
ladakh,Hillside Homestay,homestay,Mushkoo,mushkoo,34.426869,75.751934,Family homestay in the LEHO village homestay network in Mushkoo valley; coordinates approximated to Drass.,+91-9419244413,,{},http://ladakhecotourism.com/mushkoo,Ladakh Ecotourism (LEHO),"verified (scattered around village center, not an exact geocoded spot)",hidden
ladakh,Nizami Homestay,homestay,Mushkoo,mushkoo,34.427958,75.751280,Family homestay in the LEHO village homestay network in Mushkoo valley; coordinates approximated to Drass.,+91-9419244413,,{},http://ladakhecotourism.com/mushkoo,Ladakh Ecotourism (LEHO),"verified (scattered around village center, not an exact geocoded spot)",hidden
ladakh,Paradise Homestay,homestay,Mushkoo,mushkoo,34.427796,75.751457,Family homestay in the LEHO village homestay network in Mushkoo valley; coordinates approximated to Drass.,+91-9419244413,,{},http://ladakhecotourism.com/mushkoo,Ladakh Ecotourism (LEHO),"verified (scattered around village center, not an exact geocoded spot)",hidden
ladakh,Sami Homestay,homestay,Mushkoo,mushkoo,34.427917,75.752630,Family homestay in the LEHO village homestay network in Mushkoo valley; coordinates approximated to Drass.,+91-9419244413,,{},http://ladakhecotourism.com/mushkoo,Ladakh Ecotourism (LEHO),"verified (scattered around village center, not an exact geocoded spot)",hidden
ladakh,Tabasum Homestay,homestay,Mushkoo,mushkoo,34.427452,75.752377,Family homestay in the LEHO village homestay network in Mushkoo valley; coordinates approximated to Drass.,+91-9419244413,,{},http://ladakhecotourism.com/mushkoo,Ladakh Ecotourism (LEHO),"verified (scattered around village center, not an exact geocoded spot)",hidden
ladakh,Tulip Valley View Homestay,homestay,Mushkoo,mushkoo,34.428158,75.751700,Family homestay in the LEHO village homestay network in Mushkoo valley; coordinates approximated to Drass.,+91-9419244413,,{},http://ladakhecotourism.com/mushkoo,Ladakh Ecotourism (LEHO),"verified (scattered around village center, not an exact geocoded spot)",hidden
ladakh,Valley Vista Homestay,homestay,Mushkoo,mushkoo,34.427341,75.750930,Family homestay in the LEHO village homestay network in Mushkoo valley; coordinates approximated to Drass.,+91-9419244413,,{},http://ladakhecotourism.com/mushkoo,Ladakh Ecotourism (LEHO),"verified (scattered around village center, not an exact geocoded spot)",hidden
ladakh,Shashi (mechanic),mechanic,Leh,leh,34.153793,77.578827,"Reliable independent motorcycle mechanic near Airport Road, Leh, recommended in a rider forum thread on Ladakh puncture/mechanic shops.",9419344430,,"{""services"": [""general repair""], ""vehicle_types"": [""bike""]}",https://www.bcmtouring.com/forums/threads/puncture-repair-and-mechanic-shops-in-ladakh.54337/,BCMTouring forum,"single-source (scattered around village center, not an exact geocoded spot)",mainstream
ladakh,LAHDC HP Filling Station,fuel,Leh,leh,34.151155,77.575658,"Hindustan Petroleum filling station on the Leh-Manali highway in Leh, open until 11pm.",9469457499,,"{""fuel_types"": [""petrol"", ""diesel""], ""source"": ""pump"", ""hours"": ""05:00-23:00""}",https://petrolpump.hpretail.in/location/ladakh/leh,HP Retail official locator,"verified (scattered around village center, not an exact geocoded spot)",mainstream
ladakh,Chubi Filling Station,fuel,Leh,leh,34.153166,77.577327,"Hindustan Petroleum filling station on Chubi Road, Leh.",9419022777,,"{""fuel_types"": [""petrol"", ""diesel""], ""source"": ""pump"", ""hours"": ""00:00-23:59""}",https://www.cardekho.com/fuel-stations/leh,HP Retail / CarDekho,"verified (scattered around village center, not an exact geocoded spot)",mainstream
ladakh,Budha Filling Station,fuel,Leh,leh,34.151838,77.575494,"Hindustan Petroleum filling station on the Srinagar-Leh highway near KBR Airport, Leh.",9419840100,,"{""fuel_types"": [""petrol"", ""diesel""], ""source"": ""pump"", ""hours"": ""05:00-23:00""}",https://www.cardekho.com/fuel-stations/leh,HP Retail / CarDekho,"verified (scattered around village center, not an exact geocoded spot)",mainstream
ladakh,Siachen Filling Station (Khardung-La Road),fuel,Khardung,khardung,34.398433,77.656215,"Hindustan Petroleum filling station on the Khardung-La road at Khardung village, opposite the checkpost.",9906837987,,"{""fuel_types"": [""petrol"", ""diesel""], ""source"": ""pump"", ""hours"": ""06:00-23:00""}",https://www.cardekho.com/fuel-stations/leh,HP Retail / CarDekho,"verified (scattered around village center, not an exact geocoded spot)",mainstream
ladakh,Chamba Filling Station,fuel,Diskit,diskit,34.551549,77.550397,"Hindustan Petroleum filling station in Diskit, Nubra Valley, functional year-round including winter.",8082507753,,"{""fuel_types"": [""petrol"", ""diesel""], ""source"": ""pump""}",https://petrolpump.hpretail.in/location/ladakh,HP Retail official locator,"verified (scattered around village center, not an exact geocoded spot)",mainstream
zanskar,Padum Eco Homestay,homestay,Padum,padum,33.464656,76.887855,"Traditional Tibetan-style homestay in Padum hosted by Sonam Takpa, serving home-cooked Zanskari meals with solar-powered hot water.",+91 9024302062,"₹5,000/room/night (breakfast & dinner included)","{""host_name"": ""Sonam Takpa"", ""meals_included"": true, ""cash_only"": false}",https://mountainhomestays.com/details/padum-eco-homestay/,Mountain Homestays,"single-source (scattered around village center, not an exact geocoded spot)",mainstream
zanskar,IndianOil Zanskar Filling Station,fuel,Padum,padum,33.466652,76.887037,Official IndianOil retail outlet about 3km from Padum market (administratively listed under Karsha); open until 10pm.,+919419311178,,"{""fuel_types"": [""petrol"", ""diesel""], ""source"": ""pump"", ""hours"": ""until 10:00 PM""}",https://locator.iocl.com/indianoil-zanskar-filling-station-petrol-pump-karsha-kargil-238399/Contact-Us,IndianOil Locator (official),"verified (scattered around village center, not an exact geocoded spot)",mainstream
zanskar,Nun-Kun Deluxe Camp,camping,Rangdum,rangdum,34.035841,76.371254,"Seasonal deluxe tented camp in the Juldo hamlet of the greater Rangdum area, bookable by phone or email (lakpale@yahoo.co.in).",01982 252153,,"{""tent_allowed"": true}",https://vargiskhan.com/log/accommodation-in-zanskar-valley-hotels-guest-houses/,Vargis Khan,"single-source (scattered around village center, not an exact geocoded spot)",hidden
sikkim,Tingvong Homestay,homestay,Tingvong,tingvong,27.500395,88.550245,"Lepcha-run homestay in Tingvong, one of the oldest permanent Lepcha settlements in Upper Dzongu, hosted by Dupden Lepcha.",9593783043,,"{""host_name"": ""Dupden Lepcha""}",https://taleof2backpackers.com/tinvong-dzongu-sikkim/,Tale of 2 Backpackers - Dzongu travel guide,verified (village-level coords),hidden
sikkim,TECS Homestay,homestay,Tingvong,tingvong,27.499095,88.550086,"Community homestay run by the Tholung Ecotourism Cooperative Society (TECS) in Tingvong village, Upper Dzongu, hosted by Ongtshering Lepcha.",9434174856,~INR 1200 per person per day (lodging and food included),"{""host_name"": ""Ongtshering Lepcha"", ""meals_included"": true}",https://taleof2backpackers.com/tinvong-dzongu-sikkim/,Tale of 2 Backpackers - Dzongu travel guide,single-source (village-level coords),hidden
sikkim,Rumlyang Homestay,homestay,Rumlyang,rumlyang,27.499586,88.549978,"Lepcha homestay in Rumlyang, a lesser-visited hamlet within the Dzongu Lepcha reserve, North Sikkim.",8768322211,,"{""host_name"": ""Karma Lepcha""}",https://taleof2backpackers.com/tinvong-dzongu-sikkim/,Tale of 2 Backpackers - Dzongu travel guide,single-source (village-level coords),hidden
sikkim,Mayal Lyang Homestay,homestay,Passingdang,passingdang,27.492372,88.527171,"Lepcha family homestay in Passingdang, Lower Dzongu, run by Gyatso Lepcha, offering full-board stays with home-cooked meals.",9434446088,INR 1500 per person per day (lodging and food included),"{""host_name"": ""Gyatso Lepcha"", ""meals_included"": true}",https://taleof2backpackers.com/tinvong-dzongu-sikkim/,Tale of 2 Backpackers - Dzongu travel guide (corroborated by second homestay-directory listing),verified (village-level coords),hidden
sikkim,Dzongu Lee Homestay,homestay,Lingdong,lingdong,27.489562,88.529769,"Lepcha homestay in Lingdong village, Dzongu, North Sikkim, run by Sonam Lepcha.",9609864255,,"{""host_name"": ""Sonam Lepcha""}",https://taleof2backpackers.com/tinvong-dzongu-sikkim/,Tale of 2 Backpackers - Dzongu travel guide,single-source (village-level coords),hidden
sikkim,Lingthem Lyang Homestay,homestay,Lingthem,lingthem,27.523466,88.501689,"Lepcha homestay in Lingthem village, Upper Dzongu, run by Sangdup Lepcha.",9593781926,,"{""host_name"": ""Sangdup Lepcha""}",https://taleof2backpackers.com/tinvong-dzongu-sikkim/,Tale of 2 Backpackers - Dzongu travel guide,"single-source (scattered around village center, not an exact geocoded spot)",remote
sikkim,Kewzing Village Homestay,homestay,Kewzing,kewzing,27.292699,88.360289,"Community-run homestay in Kewzing village on the Legship-Ravangla road, part of the Kewzing Tourism Development Committee's homestay network established in 2001.",8509732220,INR 1700/night per person (incl. breakfast and dinner),"{""meals_included"": true, ""parking"": ""car""}",https://drivetonortheast.com/homestays/sikkim/kewzing-village-homestay,Drive to Northeast - Kewzing Village Homestay,single-source (village-level coords),hidden
sikkim,Yangsum Village Homestay,homestay,Yangsum,yangsum,27.241718,88.271393,"Family homestay in Yangsum village near Rinchenpong offering an all-inclusive meal plan and mountain views, with attached western toilet and geyser.",9836155825,"from INR 1500/night (AP plan: breakfast, lunch, evening snacks, dinner)","{""meals_included"": true, ""parking"": ""car""}",https://site.ecstaticexplorers.com/sikkim/west-south-sikkim-offbeat-ecstatic-explorers/rinchenpong-sikkim-offbeat-ecstatic-explorers/yangsum-village-homestay/,Ecstatic Explorers - Yangsum Village Homestay,single-source (village-level coords),hidden
sikkim,Daragaon Retreat (Gurung Homestay),homestay,Darap,darap,27.306153,88.186121,"Homestay in Darap village, 8km from Pelling, run by Mr. Shiva and his wife Radha across eight rooms in three traditional huts with a sister annex.",9593976152,,"{""host_name"": ""Shiva and Radha"", ""meals_included"": true}",https://drivetonortheast.com/homestays/sikkim/gurung-homestay-darap/,Drive to Northeast - Gurung Homestay Darap,"single-source (scattered around village center, not an exact geocoded spot)",hidden
sikkim,Zuluk Sojourn Homestay,homestay,Zuluk,zuluk,27.251613,88.775311,"Homestay in Zuluk village on the historic Old Silk Route, East Sikkim.",9433113535,,{},https://www.zulukhomestay.com/,Zuluk Homestay official site,"single-source (scattered around village center, not an exact geocoded spot)",mainstream
sikkim,Yangzom La Homestay,homestay,Zuluk,zuluk,27.250565,88.774477,"Homestay in Zuluk village on the Old Silk Route, East Sikkim.",7818805720,,{},https://www.facebook.com/p/Yangzom-la-Homestay-zuluk-100089057930484/,Yangzom La Homestay Facebook page,"single-source (scattered around village center, not an exact geocoded spot)",mainstream
sikkim,Honda Service Centre (Tadong),mechanic,Gangtok,gangtok,27.340683,88.605636,"Authorized Honda two-wheeler service centre near Entel Motors, Chha Mile Building, Tadong, Gangtok.",8906737751,,"{""services"": [""general repair"", ""spare parts""], ""vehicle_types"": [""bike""]}",https://servicebee.in/b/honda-gangtok/,ServiceBee - Honda Service Centre Gangtok (Tadong),"single-source (scattered around village center, not an exact geocoded spot)",mainstream
sikkim,Honda Service Centre (MG Marg),mechanic,Gangtok,gangtok,27.337255,88.607837,"Authorized Honda two-wheeler service centre on MG Road, Vishal Gaon, Gangtok.",9593788383,,"{""services"": [""general repair"", ""spare parts""], ""vehicle_types"": [""bike""]}",https://servicebee.in/b/honda-gangtok/,ServiceBee - Honda Service Centre Gangtok (MG Marg),"single-source (scattered around village center, not an exact geocoded spot)",mainstream
sikkim,IndianOil North Sikkim Refuelling Centre,fuel,Mangan,mangan,27.493445,88.527214,"IndianOil petrol pump at Lingthem, Mangan, North Sikkim, the main refuelling stop on the route toward Dzongu and further north; open 6:00 AM-10:00 PM.",9932963653,,"{""fuel_types"": [""petrol"", ""diesel""], ""source"": ""pump"", ""hours"": ""6:00 AM - 10:00 PM""}",https://locator.iocl.com/indianoil-north-sikkim-refuelling-centre-petrol-pump-lingthem-north-sikkim-237895/Home,IndianOil official pump locator,"verified (scattered around village center, not an exact geocoded spot)",mainstream
sikkim,HPCL Sangmo Fuel Centre,fuel,Singtam,singtam,27.231904,88.499202,"Hindustan Petroleum fuel station on NH 510 in Singtam, South Sikkim, with free air facility and RO water; open 5:00 AM-11:00 PM.",9800350006,,"{""fuel_types"": [""petrol"", ""diesel""], ""source"": ""pump"", ""hours"": ""5:00 AM - 11:00 PM""}",https://petrolpump.hpretail.in/hindustan-petroleum-corporation-limited-sangmo-fuel-centre-petrol-pump-singtam-south-sikkim-418064/Home,HPCL official pump locator,"verified (scattered around village center, not an exact geocoded spot)",mainstream
sikkim,HPCL Legship (Naya Bazaar),fuel,Legship,legship,27.270259,88.269861,"Hindustan Petroleum fuel station at Naya Bazaar, Legship, West Sikkim, on the route toward Pelling; opens 6:00 AM.",7004700299,,"{""fuel_types"": [""petrol"", ""diesel""], ""source"": ""pump""}",https://petrolpump.hpretail.in/,HPCL official pump locator,"verified (scattered around village center, not an exact geocoded spot)",mainstream
sikkim,HPCL Lasso Petro,fuel,Jorethang,jorethang,27.132076,88.281106,"Hindustan Petroleum fuel station (Lasso Petro) on Namchi Road, Jorethang, South Sikkim, on the route toward Yuksom/Pelling from the plains; opens 5:00 AM.",9609873112,,"{""fuel_types"": [""petrol"", ""diesel""], ""source"": ""pump""}",https://petrolpump.hpretail.in/,HPCL official pump locator,"verified (scattered around village center, not an exact geocoded spot)",mainstream
zanskar,Locally-run homestays - Dibling,homestay,Dibling,dibling,33.9619,76.6457,"Dibling is a ~12-14 house, ~50-person Zanskari hamlet with no motorable road; reached by a multi-day trek from Padum (or via Kanji/Lingshed on the Kanji-Padum route). Cut off for roughly 6 months a year in winter. Homestays are informally arranged with families on arrival, no fixed named business confirmed.",,,{},https://lastfrontiersonfoot.com/zanskar-dibling/,Last Frontiers on Foot blog,"single-source (coords approximate, village-level)",remote
ladakh,Locally-run homestays - Sumda Chenmo,homestay,Sumda Chenmo,sumda-chenmo,34.1157,77.0883,"Sumda Chenmo is a remote Ladakhi village near Alchi/Wanla with no motorable road; reached on foot, crossing the Indus via a footbridge. Known for its old Sumda Chun monastery. Homestays are informally arranged with families, no fixed named business confirmed.",,,{},https://lifeontheplanetladakh.com/blog/remote-villages-in-ladakh,Life on the Planet Ladakh blog,single-source (village-level coords),remote
sikkim,Locally-run homestays - Kusong,homestay,Kusong,kusong,27.5150,88.5350,"Kusong is the highest village in Upper Dzongu (North Sikkim), a Lepcha cardamom-farming community with no motorable road - reached by trekking from Tingvong. A few homestays have opened here in recent years (~Rs 1000-1500/person/day all-inclusive per 2026 sources), no fixed named business confirmed. Requires a Dzongu/restricted-area permit.",,"₹1000-1500/person/day (all-inclusive, reported)","{""meals_included"": true}",https://taleof2backpackers.com/tinvong-dzongu-sikkim/,Tale of 2 Backpackers blog,"single-source (coords approximate, village-level)",remote
sikkim,Locally-run homestays - Sakyong-Pentong,homestay,Sakyong-Pentong,sakyong-pentong,27.5697,88.4082,"Sakyong-Pentong is a Lepcha village in Upper Dzongu (North Sikkim) with no motorable road, reached by trekking (the Pentong Village trek runs a day from Tingvong, past the ""Sleeping Buddha"" ridgeline with Kanchenjunga views). A few homestays have opened here in recent years, no fixed named business confirmed. Requires a Dzongu/restricted-area permit.",,"₹1000-1500/person/day (all-inclusive, reported)","{""meals_included"": true}",https://taleof2backpackers.com/tinvong-dzongu-sikkim/,Tale of 2 Backpackers blog,"single-source (coords approximate, village-level)",remote
kutch,Shaam-e-Sarhad Village Resort,homestay,Hodka,hodka,23.664453,69.597734,"Community-owned Bhunga (traditional mud-hut) eco-resort in Hodka village, run by the Hodka Village Tourism Committee. Open October-March for the White Rann season.",+91 99744 58837,,{},https://www.hodka.in/contact-us/,Shaam-e-Sarhad official site,"verified (scattered around village center, not an exact geocoded spot)",mainstream
kutch,Praveg White Rann Resort,camping,Dhordo,dhordo,23.758344,69.511290,"Seasonal luxury tent and Rajwadi Bhunga stay near the White Rann salt desert, open during the Rann Utsav festival months.",9925011045,,{},https://www.rannutsav.info/,Praveg White Rann Resort official site,"verified (scattered around village center, not an exact geocoded spot)",mainstream
thar,Sunny Desert Camp Khuri,camping,Khuri,khuri,26.613623,70.714713,Desert camp in Khuri village near Jaisalmer offering tent stays and camel safari.,+91-7568456010,,{},https://sunnydesertcampkhuri.com/,Sunny Desert Camp Khuri official site,"single-source (scattered around village center, not an exact geocoded spot)",hidden
thar,Osian Village HomeStay,homestay,Osian,osian,26.716168,72.916627,"Village homestay in Osian near the Sun Temple, offering desert village experience and safari.",+91 9460585154,,{},https://www.visitosian.com/village_homestay.html,Osian Village HomeStay official site,"single-source (scattered around village center, not an exact geocoded spot)",hidden
meghalaya,Ha La Rympei (Ricky's Homestay),homestay,Mawlynnong,mawlynnong,25.201630,91.914890,"Homestay in Mawlynnong village (Asia's cleanest village), rooms with double beds.",+91 9615823660,₹1500-2000/room,{},https://mawlynnong-info.blogspot.com/2015/10/homestays-mawlynnong.html,Mawlynnong village homestay directory,"verified (scattered around village center, not an exact geocoded spot)",mainstream
meghalaya,Sky View Point Homestay (Rishot),homestay,Mawlynnong,mawlynnong,25.201574,91.915511,Homestay in Mawlynnong village.,+91 8575615877,₹1500-2000/night,{},https://mawlynnong-info.blogspot.com/2015/10/homestays-mawlynnong.html,Mawlynnong village homestay directory,"verified (scattered around village center, not an exact geocoded spot)",mainstream
meghalaya,Serene Homestay,homestay,Nongriat,nongriat,25.250631,91.670792,Homestay 100m from the Double Decker Living Root Bridge in Nongriat; among the earliest homestays in the area.,87875 70552,₹400-500/person/night,{},https://www.tripoto.com/meghalaya/trips/serene-homestay-nongriat-meghalaya-5e7c9b25bda75,Tripoto,"single-source (scattered around village center, not an exact geocoded spot)",hidden
meghalaya,Apurna Guest House,homestay,Dawki,dawki,25.185612,92.022302,"Guest house in Dawki near the Umngot river, with rooms and private balconies.",8415076121,,{},https://www.northeastadvisor.in/homestay-resorts/apurna-guest-house,Northeast Advisor,"single-source (scattered around village center, not an exact geocoded spot)",mainstream
meghalaya,Riverside Camping Shnongpdeng,camping,Shnongpdeng,shnongpdeng,25.207292,92.008594,"Riverside tent camping on the Umngot river at Shnongpdeng, known for kayaking and the crystal-clear water.",+91 8837058317,,{},https://pioneeradventuretour.com/riverside-camping-shnongpdeng/,Pioneer Adventure Tour,"single-source (scattered around village center, not an exact geocoded spot)",hidden
ziro,Abasa Homestay,homestay,Ziro (Hapoli),ziro-town,27.538599,93.815338,"Apatani-run homestay in Siiro village near Hapoli (Ziro), offering authentic tribal-culture stay.",03788-225561,₹1000/person (with meals),{},https://www.ourguest.in/homestays/details/homestay/abasa-homestay-siiro,OurGuest,"single-source (village-level coords - Siiro village itself not separately geocoded, using Hapoli/Ziro town center as proxy, ~2-3km off)",hidden
kumaon,Himalayan Ark (Sarmoli Homestays),homestay,Sarmoli,sarmoli,30.079583,80.237474,"Community-owned rural tourism network of homestays run by local families in Sarmoli village since 2004, near Munsiyari.",9917789950,₹750-1000/person/day (with meals),{},https://www.himalayanark.com/,Himalayan Ark official site,"verified (scattered around village center, not an exact geocoded spot)",hidden
tamilnadu,Chettinadu Mansion,homestay,Kanadukathan,kanadukathan,10.176708,78.777448,"Heritage Chettinad mansion-turned-homestay in Kanadukathan, one of the region's best-known heritage stays.",+91-4565-273080,,{},https://www.tripadvisor.com/Hotel_Review-g1408029-d610037-Reviews-Chettinadu_Mansion-Kanadukathan_Sivaganga_District_Tamil_Nadu.html,Chettinadu Mansion (multiple travel-booking aggregators),"verified (scattered around village center, not an exact geocoded spot)",mainstream
tamilnadu,Saratha Vilas,homestay,Kanadukathan,kanadukathan,10.176008,78.780648,French-restored Chettinad heritage mansion turned boutique homestay in the Kothamangalam hamlet of the Kanadukathan/Karaikudi heritage circuit.,+91-7303231118,,{},https://sarathavilas.com/contact-and-legal-information/,Saratha Vilas official site,"verified (scattered around village center, not an exact geocoded spot; Kothamangalam sub-hamlet approximated to Kanadukathan)",mainstream
tamilnadu,Visalam - CGH Earth,homestay,Kanadukathan,kanadukathan,10.174008,78.780048,1939-built Chettinad palace-mansion run as a heritage homestay by CGH Earth.,+91-4565-273301,,{},https://www.cghearth.com/visalam/contact,CGH Earth official site,"verified (scattered around village center, not an exact geocoded spot)",mainstream
tamilnadu,The Bangala,homestay,Karaikudi,karaikudi,10.074044,78.777719,"Long-running heritage hotel in the Senjai locality of Karaikudi, known for authentic Chettinad home cooking.",+91-4565-220221,,{},https://www.thebangala.com/contact-us/,The Bangala official site,"verified (scattered around village center, not an exact geocoded spot)",mainstream
tamilnadu,Cardamom House,homestay,Athoor,athoor,10.297607,77.826213,English-run heritage homestay in a remote valley beyond Dindigul near Kamarajar Lake; arranges village walks and visits to local pottery/brick-making cottage industries.,+91-93606-91793,,{},https://cardamomhouse.com/,Cardamom House official site,"verified (scattered around village center, not an exact geocoded spot)",hidden
tamilnadu,Thirumalai Homestay,homestay,Swamimalai,swamimalai,10.955436,79.327440,"Homestay on the Swamimalai road near Kumbakonam, close to the bronze-casting craft village and Kabisthalam temple.",+91-95003-48743,,{},https://www.thirumalaihomestay.com/,Thirumalai Homestay official site,"single-source (scattered around village center, not an exact geocoded spot)",hidden
tamilnadu,IndianOil Sivasakthi Fuel Station,fuel,Karaikudi,karaikudi,10.112999,78.761355,24-hour IndianOil pump serving the Karaikudi/Chettinad heritage circuit.,+91-9840354001,,"{""fuel_types"": [""petrol"", ""diesel""], ""source"": ""pump"", ""hours"": ""24x7""}",https://locator.iocl.com/indianoil-sivasakthi-fuel-station-petrol-pump-karaikudi-sivaganga-276830/Home,IndianOil official locator,"verified (official locator coordinates, place-level not scattered)",mainstream
tamilnadu,Periya Kovil Pay-and-Use Toilet,toilet,Thanjavur,thanjavur,10.783666,79.134235,Pay-and-use toilet block in the parking area of Brihadeeswarar Temple (Periya Kovil); visitor reviews note it is functional but not well maintained.,,,"{""clean"": false, ""cost"": ""paid""}",https://wanderlog.com/place/details/11345895/periya-kovil-paid-parking,Wanderlog / TripAdvisor visitor reviews,"single-source (place-level coordinates from listing, not village-scattered)",mainstream
himachal,Chamunda Hotel & Restaurant,homestay,Killar,killar,33.081959,76.400241,"Government-listed hotel and restaurant in Killar, the sub-divisional headquarters of Pangi Valley; run by Smt. Mandei Thakur.",+91-94184-72356,,"{""host_name"": ""Mandei Thakur""}",https://hpchamba.nic.in/accommodation/chamunda-hotel-restaurant-pangi/,Chamba District Administration (official),"verified (scattered around village center, not an exact geocoded spot)",hidden
himachal,Pangi Home Stay,homestay,Killar,killar,33.079259,76.403298,"Homestay in Killar, Pangi Valley's main town, one of the few private accommodation options besides government rest houses.",+91-9418841069,,{},https://pangi-home-stay.ueniweb.com/,Justdial / Pangi Home Stay listing,"single-source (scattered around village center, not an exact geocoded spot)",hidden
himachal,Informal fuel (jerry can) - ask locally,fuel,Killar,killar,33.080959,76.403698,"Pangi Valley has no petrol pump; Killar traders import fuel by barrel from Kishtwar (J&K, ~120km) or Tandi (Lahaul, ~118km) under special permit and resell locally. Ask in the main bazaar.",,,"{""fuel_types"": [""petrol"", ""diesel""], ""source"": ""informal (jerry can)""}",https://www.tribuneindia.com/news/himachal/in-himachals-remote-pangi-valley-residents-pay-survival-tax-as-fuel-prices-touch-rs-125-per-litre/,The Tribune,verified (no formal fuel station exists in the valley; stub per remote-area convention),hidden
himachal,Pangi Valley Homestay,homestay,Sural Bhatori,sural-bhatori,33.146477,76.459734,"Homestay in Sural Bhatori, a frontier hamlet beyond Killar in the Pangi Valley.",+91-9103778426,,{},https://www.pangivalleyhomestay.com/p/sural-bhatori-homestay.html,Pangi Valley Homestay official site,"single-source (scattered around village center, not an exact geocoded spot)",hidden
himachal,Government Rest House - book via Chamba,homestay,Hudan,hudan,33.091235,76.463944,No private homestays confirmed in Hudan; a Forest/Government Rest House exists but must be pre-booked through the Chamba district administration - no direct local contact number.,,,{},https://travellingslacker.com/killar-pangi-valley/,"The Travelling Slacker (blog, ground reporting)",single-source (remote village with no bookable private business; generic stub per remote-village exception),hidden
himachal,Ishan Log Huts (House of Bahu),homestay,Bahu,bahu,31.628728,77.323703,"Boutique log-hut homestay in Bahu village running since 1999, considered the first homestay in the Banjar valley; near the PWD rest house.",+91-9805206129,,{},https://www.ishanloghutsboutique.com/contact.php,Ishan Log Huts official site,"verified (scattered around village center, not an exact geocoded spot)",hidden
himachal,Orange Sky Homestay,homestay,Gada Gushaini,gada-gushaini,31.563339,77.299985,"Homestay on Devra Bhumasi Temple Road in Gada Gushaini, a still-obscure valley beyond the Jibhi-Jalori tourist stretch.",+91-8219982687,,{},https://www.booking.com/hotel/in/orange-sky-homestay.html,Booking.com / TripTap listing,"single-source (scattered around village center, not an exact geocoded spot)",hidden
himachal,Temple guesthouse - ask locally,homestay,Chhatri,chhatri,31.466956,77.288598,No confirmed named/bookable homestay in Chhatri; travellers report the Magru Mahadev temple priest has hosted visitors informally. One of the least-mapped areas in the region per ground reports.,,,{},https://travellingslacker.com/bahu-and-gada-gushaini/,"The Travelling Slacker (blog, ground reporting)",single-source (remote village with no bookable private business; generic stub per remote-village exception),hidden
himachal,Club Mahindra Janjehli,homestay,Janjehli,janjehli,31.497780,77.215396,"Resort near Sangalwara, close to Janjehli, set amid apple orchards with Himalayan peak views; base for the Shikari Devi trek.",+91-8657418187,,{},https://www.clubmahindra.com/our-resorts/club-mahindra-janjehli-himachal-pradesh,Club Mahindra official site,"verified (scattered around village center, not an exact geocoded spot; Sangalwara sub-locality approximated to Janjehli)",mainstream
himachal,Apple Green Valley Home Stay,homestay,Karsog,karsog,31.341294,77.202266,"Homestay in Pajetri, a hamlet in Karsog tehsil known for its apple orchards and fertile valley.",+91-8988145762,,{},https://bookstay.in/homestay/d0p-apple-green-valley-home-stay-pajetri-karsog,BookStay.in listing,"single-source (scattered around village center, not an exact geocoded spot; Pajetri hamlet approximated to Karsog)",hidden
himachal,Suket Home Stay,homestay,Pangna,pangna,31.386234,77.122524,"Government Tourism Department-recognised homestay in Pangna village, Karsog tehsil.",+91-8988154160,,{},https://www.tripadvisor.com/Hotel_Review-g8780888-d13511151-Reviews-Suket_homestay-Karsog_Mandi_District_Himachal_Pradesh.html,TripAdvisor / BookStay.in,"verified (scattered around village center, not an exact geocoded spot)",hidden
himachal,Hotel Bharmour View,homestay,Bharmour,bharmour,32.442869,76.535455,"Government-listed hotel above the HDFC Bank in Bharmour, the ancient capital of the Chamba Kingdom and starting point for the Manimahesh Kailash Yatra.",+91-8585959797,,{},https://hpchamba.nic.in/accommodation/hotel-bharmour-view/,Chamba District Administration (official),"verified (scattered around village center, not an exact geocoded spot)",mainstream
himachal,Bharmour Home Stay,homestay,Bharmour,bharmour,32.440869,76.537955,Homestay on the Main Road in Bharmour town.,+91-9816450774,,{},https://www.mappls.com/place-bharmour+home+stay-main+road-bharmour-chamba-brahmaur-chamba+district-himachal+pradesh-176315-QG0LBM,Mappls / Justdial listing,"single-source (scattered around village center, not an exact geocoded spot)",hidden
himachal,Green Valley Home Stay,homestay,Bharmour,bharmour,32.442169,76.538655,"Homestay in Bharmour town, Chamba district.",+91-1895-225169,,{},https://bookstay.in/homestay/b9e-green-valley-home-stay-bharmour-brahmaur,BookStay.in listing,"single-source (scattered around village center, not an exact geocoded spot)",hidden
himachal,Forest Rest House - book via Bharmour,homestay,Kugti,kugti,32.472308,76.689849,"FRH overlooking Kugti village, the last village before the Kugti Pass trek to Lahaul; caretaker can arrange a room or tent pitch on the grounds, but bookings are usually made through the Forest Department office in Bharmour, ~20km away - no direct local number.",,,{},https://footloosedev.com/kugti/,FootLoose Dev / TravelWithAnki (ground-reporting blogs),single-source (remote village with no directly-bookable business; generic stub per remote-village exception),hidden
himachal,HPTDC The Chanshal,homestay,Rohru,rohru,31.226858,77.732876,"Himachal Pradesh Tourism Development Corporation hotel on the Hatkoti-Rohru road, near the ancient Hatkoti temple.",+91-1781-240661,,{},https://hptdc.in/index.php/the-chanshal-rohru/,HPTDC official site,"verified (scattered around village center, not an exact geocoded spot)",mainstream
himachal,Ransaar Valley Homestay,homestay,Rohru,rohru,31.225058,77.735876,"Homestay in Badiyara hamlet, Chirgaon tehsil, near Rohru in the Pabbar valley.",+91-6230175990,,{},https://www.justdial.com/Shimla/Ransaar-Valley-Homestay-Vill-Badiyara-Po-Jangla-Teh-Chirgaon-Rohru/0177PX177-X177-220323230506-Z7K9_BZDET,Justdial / Homestay.com listing,"verified (scattered around village center, not an exact geocoded spot; Badiyara hamlet approximated to Rohru)",hidden
himachal,Guesthouse - ask locally,homestay,Kwar,kwar,31.200006,78.077219,"One of the remotest villages in Himachal, reached by crossing Chanshal Pass from Rohru via Dodra; a guesthouse exists per ground reports but no locatable phone contact - coordinates approximate (Dodra-Kwar road area, not an exact village-center geocode).",,,{},https://travellingslacker.com/,"The Travelling Slacker (blog, ground reporting)","single-source (remote village, imprecise coordinates, generic stub per remote-village exception)",hidden
himachal,Snowline Homestay,homestay,Shangarh,shangarh,31.758112,77.376074,"Homestay in Shangarh, a meadow village near the Shungchul Mahadev temple in the Sainj valley part of the Great Himalayan National Park buffer zone.",+91-7807607331,,{},https://unexploredhimachal.com/shangarh-a-hidden-paradise-in-sainj-valley-kullu/,Unexplored Himachal / homestay listings,"verified (scattered around village center, not an exact geocoded spot)",hidden
himachal,Paradise Homestay,homestay,Shangarh,shangarh,31.756512,77.378574,"Homestay in Shangarh village, Sainj valley.",+91-8091427327,,{},https://paradisehomestayshangarh.co.in/about-us/,Paradise Homestay official site,"verified (scattered around village center, not an exact geocoded spot)",hidden
himachal,Pin Parvati Great Himalayan (Riverside),homestay,Neuli,neuli,31.773182,77.381044,"Riverside homestay in Neuli village, close to Shangarh in the Sainj valley.",+91-9816690102,,{},https://www.hotel.com.au/sainj/summerhill-riverview-homestay.htm,Hotel.com.au / MakeMyTrip listings,"single-source (scattered around village center, not an exact geocoded spot)",hidden
himachal,Locally-run homestay - ask on arrival,homestay,Shukto,shukto,32.869789,76.850494,"Shukto is the last roadhead of the Miyar Valley, beyond Udaipur and Urgos; the only stay option here is described by multiple trek blogs as a single local family homestay right where the bus turns back, but no formal name or phone number is documented anywhere online.",,,{},https://indiahikes.com/miyar-valley-trek,IndiaHikes / multiple Miyar Valley trek blogs,single-source (remote village with no formally-named/bookable business; generic stub per remote-village exception),hidden
himachal,Drilbu Ri Homestay,homestay,Keylong,keylong,32.572140,77.033520,"Homestay in Keylong, Lahaul, the district headquarters and main hub before Ladakh.",+91-8219601593,,{},https://drilburihomestay.com/index.html,Drilbu Ri Homestay official site,"verified (scattered around village center, not an exact geocoded spot)",mainstream
himachal,Tashi Yangkhil Home Stay,homestay,Sissu,sissu,32.469352,77.133328,"Homestay in Sissu village, known for its waterfall and views of the Pir Panjal range.",+91-9459849719,,{},https://whatsupinindia.com/listing/tashi-yangkhil/,Facebook / travel listing,"single-source (scattered around village center, not an exact geocoded spot)",mainstream
himachal,Tinan Khar,homestay,Gondhla,gondhla,32.514068,77.013694,"Homestay/hospitality stay near Gondhla Fort, a centuries-old fortified residence of the former Thakurs of Gondhla.",+91-9914822548,,{},https://tinankhar.com/contact/,Tinan Khar official site,"single-source (scattered around village center, not an exact geocoded spot)",hidden
himachal,Locally-run homestay - ask on arrival,homestay,Lippa,lippa,31.658852,78.382988,Remote village in Upper Kinnaur near the Lippa-Asrang Wildlife Sanctuary; ground-report sites confirm basic Kinnauri homestays exist but no named property or phone number is documented online.,,,{},https://himachalstory.com/location/lippa/,Himachal Story / Kinnaur Tours,single-source (remote village with no findable named/bookable business; generic stub per remote-village exception),hidden
himachal,Locally-run homestay - ask on arrival,homestay,Chango,chango,31.977757,78.594402,"High-altitude village in the Hangrang valley of Upper Kinnaur, in the rain-shadow stretch continuing toward Spiti; no named/bookable homestay or phone number found despite multiple searches - accommodation here depends on local goodwill per the Travelling Slacker blog.",,,{},https://travellingslacker.com/,"The Travelling Slacker (blog, ground reporting)",single-source (remote village with no findable named/bookable business; generic stub per remote-village exception),hidden
himachal,Locally-run homestay - ask on arrival,homestay,Tissa,tissa,32.833684,76.156422,"Tissa (also called Bhanjraru), the main town of the Churah region between Chamba and Sach Pass; a rest house and a couple of small hotels/resorts are reported by locals (Bhanjraru Rest House, Churah Valley Resort) but no single verifiable phone number could be confirmed for either after multiple searches.",,,{},https://www.justdial.com/Chamba/Hotels-in-Bhanjraru-Tissa/nct-10255012,Justdial area listing / ground reports,single-source (village coordinates approximated from Tissa Civil Hospital OSM node; no individually-verifiable bookable business found; generic stub per remote-village exception),hidden
himachal,Negi Home Stay,homestay,Barot,barot,32.038728,76.845206,"Homestay in Barot village, Padhar tehsil, a fishing/trout-hatchery town and the main gateway to Chota and Bara Bhangal.",+91-1908-267312,,{},https://bookstay.in/homestay/d2y-negi-home-stay-barot-padhar,BookStay.in listing,"single-source (scattered around village center, not an exact geocoded spot)",hidden
himachal,Ashoka Home Stay,homestay,Barot,barot,32.036728,76.847206,"Homestay in Barot village, Padhar tehsil, Mandi district.",+91-1908-267237,,{},https://bookstay.in/homestay/d2r-ashoka-home-stay-barot-padhar,BookStay.in listing,"single-source (scattered around village center, not an exact geocoded spot)",hidden
himachal,Anand Homestay,homestay,Lohardi,lohardi,32.053316,76.857555,"Homestay in Lohardi, Multhan tehsil (Kangra side of the Chota Bhangal region), run by Ravi Anand.",+91-7807408918,,"{""host_name"": ""Ravi Anand""}",https://www.homestays.co.in/lohardi-india,Homestays.co.in / government listing,"verified (scattered around village center, not an exact geocoded spot)",hidden
himachal,Locally-run homestay - ask on arrival,homestay,Bara Bhangal,bara-bhangal,32.323964,76.810880,"One of the remotest, trek-only villages in India, reached only via high passes (Thamsar or Kalihani); no formal accommodation is documented online, but ground-report trekking blogs confirm local families host trekkers informally.",,,{},https://travellingslacker.com/,"The Travelling Slacker (blog, ground reporting)",single-source (remote trek-only village with no bookable business; generic stub per remote-village exception),hidden
himachal,The Apple Farm Stay,homestay,Kotkhai,kotkhai,31.157604,77.530326,"Heritage 1920s farmhouse-turned-homestay in Jhina Orchards, Domehar village, Kotkhai tehsil, surrounded by apple orchards.",+91-8625000018,,{},https://www.theapplefarmstay.com/,The Apple Farm Stay official site,"verified (scattered around village center, not an exact geocoded spot; Domehar hamlet approximated to Kotkhai)",mainstream
himachal,Apple Bud Homestay,homestay,Kotkhai,kotkhai,31.156204,77.531826,"Homestay in Bhuin village on the Theog-Hatkoti road, in the Kotkhai/Theog apple belt.",+91-9418450912,,{},https://www.google.com.pk/travel/hotels/entity/ChkI59WI2rX4waI0Gg0vZy8xMXFtcm44OXIwEAE,Google Hotels listing,"single-source (scattered around village center, not an exact geocoded spot; Bhuin hamlet approximated to Kotkhai)",hidden
himachal,Seetalvan Orchard,homestay,Kotgarh,kotgarh,31.311505,77.477067,"Cottage stay amid apple orchards and deodar forest in Kotgarh, near Narkanda.",+91-9805594069,,{},https://www.seetalvanorchard.com/,Seetalvan Orchard official site,"verified (scattered around village center, not an exact geocoded spot)",mainstream
himachal,The Sirmour Retreat,homestay,Nahan,nahan,30.560831,77.293410,"Luxury resort in Jamta, near Nahan, with valley views and proximity to the Churdhar peak trek.",+91-9313002006,,{},https://www.thesirmourretreat.com/,The Sirmour Retreat official site,"verified (scattered around village center, not an exact geocoded spot; Jamta hamlet approximated to Nahan)",mainstream
himachal,Haripurdhar Green Valley Homestay,homestay,Haripurdhar,haripurdhar,30.770917,77.532715,"Homestay opposite the Government Senior Secondary School in Haripurdhar, a scenic viewpoint town in Sirmaur district.",+91-8050067339,,{},https://www.justdial.com/Sirmaur/Haripurdhar-Green-Valley-Homestay-Opposite-Govt-Sr-Sec-School-Opposite-Govt-Sss-Haripurdhar-Haripurdhar/9999P1702-1702-191226173021-R3Q3_BZDET,Justdial listing,single-source (village center approximated to Haripurdhar hospital OSM node),hidden
himachal,Dev Homestay,homestay,Kafnu,kafnu,31.565280,77.934720,"Basic homestay in Kafnu (Vill-Kasrim), the roadhead and base camp for the Pin-Bhaba Pass trek into Spiti; coordinates approximated to the Bhaba Nagar locality at the mouth of the Bhaba valley.",+91-8580410469,,{},https://mountsinaiadventure.com/dev-homestay,Mount Sinai Adventure official listing,"single-source (village coordinates approximated from Bhaba Nagar, Wikipedia infobox; not an exact geocode of Kafnu itself)",hidden
himachal,Forest Rest House - book via Kinnaur Forest Dept,camping,Rupi,rupi,31.580000,77.900000,"Forest Rest House inside the Rupi-Bhaba Wildlife Sanctuary; per ground reports these FRHs (Rupi, Salaring) must be booked through the Kinnaur Forest Department rather than a direct local number.",,,"{""tent_allowed"": false, ""nearby_toilet"": false, ""nearby_water"": true}",https://travellingslacker.com/,"The Travelling Slacker (blog, ground reporting)","single-source (approximate sanctuary-area coordinates, not a verified village-center geocode; generic stub per remote-area exception)",hidden
himachal,Thachi Valley Homestay,homestay,Thachi,thachi,31.552921,77.165762,"Homestay near Shetadhar Temple in Thachi Valley, run by Ghanshyam Bhaiya who also organises local trekking and camping; one of very few stay options in this little-visited valley off the Aut-Bali Chowki road.",+91-8629818624,,"{""host_name"": ""Ghanshyam Bhaiya""}",https://www.indiainfo.net/place/thachi-valley-home-stay-2689235,IndiaInfo.net / MakeMyTrip listing,"single-source (coordinates approximated to Bali Chowki, the nearest resolvable OSM point; Thachi itself did not resolve in Nominatim)",hidden
arunachal,Tawang Home Stay,homestay,Tawang,tawang,27.588419,91.865733,"Registered homestay in Lebrang, Tawang town, close to the Tawang Monastery, the largest working Tibetan Buddhist monastery in India.",+91-3794-290205,,{},https://tawang.nic.in/tourism/accommodation/,Tawang District Administration (official),"verified (scattered around village center, not an exact geocoded spot)",mainstream
arunachal,Ana Sonam Tsomu Home Stay,homestay,Tawang,tawang,27.586819,91.868733,"Registered homestay in Mandrelling village, on the outskirts of Tawang town.",+91-9436091899,,{},https://tawang.nic.in/tourism/accommodation/,Tawang District Administration (official),"verified (scattered around village center, not an exact geocoded spot; Mandrelling hamlet approximated to Tawang)",mainstream
arunachal,TL Home Stay,homestay,Shyo,shyo,27.589142,91.859799,"Registered homestay in Shyo village, a satellite hamlet of Tawang town.",+91-7085327463,,{},https://tawang.nic.in/tourism/accommodation/,Tawang District Administration (official),"verified (scattered around village center, not an exact geocoded spot)",hidden
arunachal,Bazashree Home Stay,homestay,Mechuka,mechuka,28.599745,94.132583,"Registered homestay in Mechuka, a Himalayan valley town near the Line of Actual Control in Shi Yomi district, known for its monasteries and Siang river views.",+91-9402234324,,{},https://shiyomi.nic.in/accommodation/,Shi Yomi District Administration (official),"verified (scattered around village center, not an exact geocoded spot)",hidden
arunachal,Almost Heritage Home Stay,homestay,Mechuka,mechuka,28.597745,94.135583,"Registered homestay in Mechuka, Shi Yomi district.",+91-9402888585,,{},https://shiyomi.nic.in/accommodation/,Shi Yomi District Administration (official),"verified (scattered around village center, not an exact geocoded spot)",hidden
arunachal,Reyi Homestay,homestay,Aalo,aalo,28.139074,94.762915,"Government-registered homestay in Aalo, headquarters of West Siang district, between the Sipu and Siang rivers.",+91-8794021061,,"{""host_name"": ""Liduk Ete""}",https://arunachaltourism.com/homestays-in-west-siang/,Arunachal Tourism official directory,"verified (scattered around village center, not an exact geocoded spot)",hidden
arunachal,Jaibona Homestay,homestay,Aalo,aalo,28.137074,94.764415,"Government-registered homestay in Aalo, West Siang district.",+91-9436801153,,"{""host_name"": ""Yamoty Pigyor""}",https://arunachaltourism.com/homestays-in-west-siang/,Arunachal Tourism official directory,"verified (scattered around village center, not an exact geocoded spot)",hidden
nagaland,Longsha's Homestay,homestay,Longwa,longwa,26.661379,95.219849,"Homestay in Longwa, the village that straddles the India-Myanmar border, home of the Konyak Angh (chief); run by host Nokao, recommended as guide too.",+91-8730027353,,"{""host_name"": ""Nokao""}",https://footloosedev.com/longwa-mon-nagland/,FootLoose Dev / NorthEast India Connect,"verified (scattered around village center, not an exact geocoded spot)",hidden
nagaland,Kose Homestay - Hills View Cottage,homestay,Khonoma,khonoma,25.654290,94.022013,"Homestay in Khonoma, India's first Green Village, run by the Angami Naga community that banned hunting/logging over two decades ago.",+91-8119890171,,"{""host_name"": ""Kose""}",https://www.tripadvisor.com/ShowUserReviews-g13077653-d4132677-r670038008-Khonoma_Village-Khonoma_Kohima_District_Nagaland.html,TripAdvisor review / East Himalaya guide,"verified (scattered around village center, not an exact geocoded spot)",hidden
nagaland,Homestay (Rovi),homestay,Kigwema,kigwema,25.604166,94.126353,"Homestay in Kigwema village, roughly midway between the two Dzukou Valley trek base villages (Zakhama and Viswema); recommended since accommodation directly in the base villages is unreliable/unadvertised.",+91-8575826863,,"{""host_name"": ""Rovi""}",https://www.tripoto.com/kohima/trips/dawn-homestay-the-best-place-to-stay-while-heading-for-dzukou-valley-trek-5d0d92b865cfa,Tripoto ground-report,"single-source (scattered around village center, not an exact geocoded spot)",hidden
meghalaya,Mawlyngbna Traveller's Nest,homestay,Mawlyngbna,mawlyngbna,25.233904,91.564667,"Community-run eco-tourism homestay in Mawlyngbna, a fossil-rich village near Mawsynram known for canyoning, cave treks, and waterfalls; founded by Bisharlang Kharnaior.",+91-6009097182,,"{""host_name"": ""Bisharlang Kharnaior""}",https://thebetterindia.com/338637/meghalaya-homestay-travellers-nest-vacation-adventure-lovers-mawlyngbna-caving-canyoning-treks/,The Better India / TripAdvisor listing,"verified (scattered around village center, not an exact geocoded spot)",hidden
meghalaya,Karawani Homestay,homestay,Baghmara,baghmara,25.361090,90.643435,"Government-listed homestay at the southern boundary of Baghmara Reserve Forest, the nearest base town for visiting Siju Caves and Siju Wildlife Sanctuary.",+91-9383398740,,{},https://southgarohills.gov.in/accommodation/karawani-homestay/,South Garo Hills District Administration (official),"verified (scattered around village center, not an exact geocoded spot)",hidden
meghalaya,Wari Chora tour/stay booking (SafarPanda),camping,Wari Chora,wari-chora,25.333454,90.571264,"Newly-opened canyon/gorge viewpoint in Agalgre village between Pharomgre and Emangre, South Garo Hills; no fixed lodge on-site, but camping and nearby Emangre-village homestays are arranged through this tour contact - coordinates approximated to Emangre village.",+91-9874408179,,"{""tent_allowed"": true, ""nearby_toilet"": false, ""nearby_water"": true}",https://warichorameghalaya.com/,Wari Chora Meghalaya (SafarPanda tour operator),"single-source (coordinates approximated to nearby Emangre village, not an exact Wari Chora geocode)",hidden
assam,Wildgrass Resort,homestay,Kohora,kohora,26.594706,93.403385,"Long-running eco-resort near Kohora, the main gateway village to Kaziranga National Park, famous for its rhino population.",+91-3776-262085,,{},https://www.wypages.com/2020/10/resorts-near-kaziranga-national-park.html,WYPages / Kaziranga lodge directory,"verified (scattered around village center, not an exact geocoded spot)",mainstream
assam,Aranya Tourist Lodge,homestay,Kohora,kohora,26.590064,93.400557,"Assam Tourism government lodge at Kohora, the main entry point to Kaziranga National Park.",+91-3776-262429,,{},https://www.assamtourismonline.com/properties.html,Assam Tourism Development Corporation (official),"verified (scattered around village center, not an exact geocoded spot)",mainstream
assam,Menam Homestay,homestay,Majuli,majuli,27.021953,94.327423,"Homestay on Majuli, the world's largest river island on the Brahmaputra, a hub of Vaishnavite satra culture and Mishing tribal weaving.",+91-8099030891,,{},https://www.instagram.com/menamhomestay.majuli/,Instagram / Majuli homestay listing,"single-source (scattered around village center, not an exact geocoded spot)",hidden
assam,Okegiga Homes,homestay,Majuli,majuli,27.023953,94.329923,"Homestay in Chitadar Chuk, Garamur area of Majuli island.",+91-8822390306,,{},https://majuliriverisland.wordpress.com/resorts-and-homestays/,Majuli River Island (ground listing),"single-source (scattered around village center, not an exact geocoded spot)",hidden
manipur,Loktak Aquamarine Floating Homestay and Campsite,homestay,Moirang,moirang,24.500551,93.776748,"Floating homestay/campsite on Loktak Lake near Moirang, the largest freshwater lake in Northeast India and home to the phumdi (floating biomass) islands of Keibul Lamjao National Park.",+91-8014921286,,{},https://manipurtourism.gov.in/loktak-aquamarine-homestay/,Manipur Tourism (official),"verified (scattered around village center, not an exact geocoded spot)",mainstream
manipur,Tamenglong Tourist Lodge - book via DC office,homestay,Tamenglong,tamenglong,24.996000,93.505000,"Government tourist lodge in Tamenglong town, gateway to the forest trails and waterfalls of the district; bookings typically go through the Deputy Commissioner's office as no direct lodge line is published.",+91-3877-267003,,{},https://tamenglong.nic.in/contact-us-2/,Tamenglong District Administration (official),"single-source (approximate town-center coordinates, not a verified geocode; DC office number used as booking contact per remote-district convention)",hidden
mizoram,Lunglei Tourist Lodge,homestay,Lunglei,lunglei,22.951997,92.633883,"Government tourist lodge in Lunglei, the second-largest town in Mizoram, known for the Khawnglung Wildlife Sanctuary nearby.",+91-372-2342013,,{},https://tourism.mizoram.gov.in/page/list-of-hotels-other-accommodations,Mizoram Tourism Department (official),"verified (scattered around village center, not an exact geocoded spot)",mainstream
tripura,Unakoti Tourist Lodge,homestay,Unakoti,unakoti,24.190985,92.046048,"Tripura Tourism lodge near the Unakoti rock-cut Shiva carvings, the largest collection of such stone reliefs in India.",+91-3824-223635,,{},https://tripuratourism.gov.in/unakoti,Tripura Tourism (official),"verified (scattered around village center, not an exact geocoded spot)",mainstream
kerala,Nest Cottages,homestay,Kanthalloor,kanthalloor,10.216536,77.195548,"Homestay in Kanthalloor, a high-altitude ""apple valley"" village near Munnar known for growing temperate fruit (apples, oranges, plums) rarely found elsewhere in Kerala.",+91-9495042479,,{},https://nestcottages.in/contact.html,Nest Cottages official site,"verified (scattered around village center, not an exact geocoded spot)",hidden
kerala,Ettimoottil Home Stay,homestay,Gavi,gavi,9.435729,77.159472,"Homestay near Angamoozhy, at the edge of the Gavi forest eco-tourism zone in the Periyar Tiger Reserve buffer, serving both Sabarimala pilgrims and eco-tourists.",+91-8593988540,,{},https://homestaygavi.com/,Ettimoottil Home Stay official site,"verified (scattered around village center, not an exact geocoded spot)",hidden
telangana,Forest Rest House - book via DFO Kothagudem,camping,Kinnerasani,kinnerasani,17.618966,80.781331,"Forest rest houses/cottages inside Kinnerasani Wildlife Sanctuary (Paloncha, Kothagudem, Bhadrachalam) plus a Singareni Collieries Glass Rest House; bookings go through the Divisional Forest Office rather than a direct on-site number.",+91-8744-242141,,"{""tent_allowed"": false, ""nearby_toilet"": true, ""nearby_water"": true}",https://www.transindiatravels.com/telangana/kinnerasani-wildlife-sanctuary/,Trans India Travels / DFO Kothagudem (official contact),single-source (approximate sanctuary-area coordinates from Kinnerasani River OSM node; generic booking-office contact per remote-area convention),hidden
karnataka,Dodda Mane Homestay,homestay,Agumbe,agumbe,13.508483,75.096258,"Government-listed homestay on the main road in Agumbe, the ""Cherrapunji of the South"", known for rainforest biodiversity and Western Ghats sunset views.",+91-9448603343,,{},https://karnatakatourism.org/en/accommodation/dodda-mane-homestay,Karnataka Tourism (official),"verified (scattered around village center, not an exact geocoded spot)",mainstream
karnataka,Hongirana Homestay,homestay,Yana,yana,14.578609,74.559817,"Homestay in Isloor near Sirsi, marketed as the nearest stay for visiting the Yana rock formations (Bhairaveshwara and Mohini Shikhara); actual location is several km from Yana itself, coordinates approximated to the Yana site.",+91-9739998561,,{},http://www.hongiranahomestay.com/,Hongirana Homestay official site,"single-source (coordinates approximated to Yana; actual property is in Isloor hamlet near Sirsi, not resolvable via geocoder)",hidden
goa,Nature's Harmony Homestay,homestay,Cotigao,cotigao,14.959319,74.104889,"Homestay at Hattipaul, on the edge of Cotigao Wildlife Sanctuary, South Goa's second-largest protected forest; vegetarian food, quiet nature stay.",+91-9145528669,,{},https://www.airial.travel/attractions/india/cotigao/cotigao-wildlife-sanctuary-goa-ql2PM-jn,Airial Travel / ground listing,"single-source (scattered around village center, not an exact geocoded spot)",hidden
goa,Tanshikar Spice Farm (Eco Rest House),homestay,Rivona,rivona,15.133689,74.251126,"Family-run organic spice farm with an Eco Rest House and Indian-style cottages in Netravali/Vichondrem, a few km from the Rivona Buddhist caves in the Western Ghats foothills of Sanguem taluka.",+91-9421184114,,{},https://tanshikarspicefarm.com/contact-us/,Tanshikar Spice Farm official site,"verified (coordinates approximated to Netravali Wildlife Sanctuary area, a few km from Rivona itself)",hidden
maharashtra,Velas Community Homestay (Milind Nijsure),homestay,Velas,velas,17.960865,73.034522,"One of 19+ registered community homestays in Velas, a Konkan coastal village on the Olive Ridley turtle-nesting beach, coordinated by Sahyadri Nisarga Mitra's Kaasav Mitra Mandal (Turtle Friends) conservation group.",+91-2350-220629,,"{""host_name"": ""Milind Nijsure""}",https://www.snmcpn.org/velas/,Sahyadri Nisarga Mitra (official),"verified (scattered around village center, not an exact geocoded spot)",mainstream
